Region,State,City,Destination Name,Type,Establishment Year,time needed to visit in hrs,Google review rating,Entrance Fee in INR,Airport with 50km Radius,Weekly Off,Category,DSLR Allowed,Number of google review in lakhs,Best Time to visit,Image URL
Western,Gujarat,Rann of Kutch,Rann Utsav,Cultural,Unknown,3,4.9,7500,Yes,None,Cultural,Yes,0.1,Evening,https://www.rannutsav.com/blog/wp-content/uploads/2024/12/141013682_715635635803639_4674705074199093637_n-1.png
Northern,Punjab,Amritsar,Golden Temple (Harmandir Sahib),Religious Site,1604,1.5,4.9,0,Yes,None,Spiritual,Yes,1.9,All,https://upload.wikimedia.org/wikipedia/commons/9/94/The_Golden_Temple_of_Amrithsar_7.jpg
Northern,Ladakh,Leh,Pangong Tso,Lake,Unknown,2,4.9,20,Yes,None,Nature,Yes,0.15,Morning,https://dynamic-media-cdn.tripadvisor.com/media/photo-o/17/00/2f/67/img-20180620-wa0007-largejpg.jpg?w=900&h=500&s=1
Western,Maharastra,Mumbai,Siddhivinayak Temple,Temple,1881,2,4.8,0,Yes,None,Religious,No,1.05,All,https://upload.wikimedia.org/wikipedia/commons/b/b9/Shree_Siddhivinayak_Temple_Mumbai.jpg
Western,Gujarat,Somnath,Somnath Temple,Temple,1951,2,4.8,0,No,None,Religious,No,0.39,Morning,https://upload.wikimedia.org/wikipedia/commons/thumb/1/10/Somanath_mandir_%28cropped%29.jpg/640px-Somanath_mandir_%28cropped%29.jpg
Northern,Punjab,Amritsar,Jallianwala Bagh,Memorial,1951,1,4.8,0,Yes,None,Historical,Yes,0.3,Afternoon,https://upload.wikimedia.org/wikipedia/commons/thumb/b/b5/Jallianwala_Bagh%2C_Amritsar_01.jpg/1200px-Jallianwala_Bagh%2C_Amritsar_01.jpg
Northern,Punjab,Amritsar,Wagah Border,Border Crossing,1950,2,4.8,0,Yes,None,Cultural,Yes,0.17,Evening,https://upload.wikimedia.org/wikipedia/commons/thumb/8/8a/Wagah_border_ceremony2.jpg/800px-Wagah_border_ceremony2.jpg
Western,Maharastra,Kolhapur,Mahalakshmi Temple,Temple,700,1,4.8,0,Yes,None,Religious,No,0.9,All,https://upload.wikimedia.org/wikipedia/commons/thumb/5/53/Mahalaxmi_Temple%2C_Kolhapur.jpg/640px-Mahalaxmi_Temple%2C_Kolhapur.jpg
Central,Madhya Pradesh,Ujjain,Mahakaleshwar Jyotirlinga,Temple,-3500,1.5,4.8,0,Yes,None,Religious,No,1.2,All,https://upload.wikimedia.org/wikipedia/commons/thumb/7/7d/Mahakal_Temple_Ujjain.JPG/1200px-Mahakal_Temple_Ujjain.JPG
Central,Madhya Pradesh,Orchha,Orchha Fort,Fort,1500,1.5,4.8,10,No,None,Historical,Yes,0.1,Afternoon,https://dynamic-media-cdn.tripadvisor.com/media/photo-o/16/1d/24/96/the-marvellous-orchha.jpg?w=900&h=500&s=1
Northern,Himachal Pradesh,Spiti Valley,Key Monastery,Monastery,1100,1,4.8,0,No,None,Religious,Yes,0.025,Morning,https://upload.wikimedia.org/wikipedia/commons/4/49/1000_Year_loop.jpg
Northern,Himachal Pradesh,Bir Billing,Paragliding Site,Adventure Sport,2005,2,4.8,2500,No,None,Adventure,Yes,0.01,All,https://www.pandotrip.com/wp-content/uploads/2014/05/Top-10-Paragliding-Sites-Slovenia-Photo-by-Robert-Kovacs.jpg
Northern,Himachal Pradesh,McLeod Ganj,Triund Trek,Trekking,Unknown,5,4.8,0,Yes,None,Adventure,Yes,0.01,Morning,"https://ik.imagekit.io/wcarzmwtz/trekyaari-images/Triund_-_Trekyaari_26_-jY9cOl6O.jpeg?tr=w-2048,q-100"
Northern,Uttarakhand,Badrinath,Badrinath Temple,Temple,-820,1,4.8,0,No,None,Religious,No,0.29,All,https://upload.wikimedia.org/wikipedia/commons/f/f9/Badrinath_Temple_%2C_Uttarakhand.jpg
Northern,Uttarakhand,Uttarkashi,Gangotri Temple,Temple,1751,1,4.8,0,No,None,Religious,No,0.05,All,https://dynamic-media-cdn.tripadvisor.com/media/photo-o/0d/45/3b/da/the-main-temple.jpg?w=1200&h=-1&s=1
Northern,Uttarakhand,Chopta,Tungnath Temple,Temple,751,2,4.8,0,No,None,Religious,No,0.09,All,https://upload.wikimedia.org/wikipedia/commons/thumb/f/fc/Tungnath_temple.jpg/640px-Tungnath_temple.jpg
Central,Uttar Pradesh,Ayodhya,Ram Janmabhoomi,Religious Site,Unknown,1,4.8,0,Yes,None,Religious,No,0.025,All,https://upload.wikimedia.org/wikipedia/commons/thumb/d/df/Ayodhya_Ram_Mandir_Inauguration_Day_Picture.jpg/800px-Ayodhya_Ram_Mandir_Inauguration_Day_Picture.jpg
Central,Uttar Pradesh,Vrindavan,Banke Bihari Temple,Temple,1864,1,4.8,0,Yes,None,Religious,No,0.37,All,https://upload.wikimedia.org/wikipedia/commons/e/e3/Banke_Bihari_Vrindavan.jpg
Central,Uttar Pradesh,Meerut,Augarnath Temple,Temple,Unknown,1,4.8,0,Yes,None,Religious,No,0.045,All,https://upload.wikimedia.org/wikipedia/commons/thumb/7/73/Kali_Paltan_Mandir%2C_Meerut.jpg/1200px-Kali_Paltan_Mandir%2C_Meerut.jpg
Northern,Ladakh,Kargil,Kargil War Memorial,War Memorial,24,1,4.8,0,No,None,Historical,Yes,0.011,All,https://upload.wikimedia.org/wikipedia/commons/c/c5/Kargilwarmemorialdarss3.jpg
Northern,Ladakh,Dras,Dras War Memorial,War Memorial,Unknown,1,4.8,0,No,None,Historical,Yes,0.012,All,https://upload.wikimedia.org/wikipedia/commons/c/c5/Kargilwarmemorialdarss3.jpg
Central,Uttar Pradesh,Vrindavan,Prem Mandir,Temple,2012,1.5,4.8,0,Yes,None,Religious,Yes,0.49,Evening,https://upload.wikimedia.org/wikipedia/commons/thumb/8/8e/PremMandirSideViewFromCanteen.jpg/800px-PremMandirSideViewFromCanteen.jpg
Central,Uttar Pradesh,Porbandar,Kirti Mandir,Memorial,1950,1,4.8,0,Yes,None,Historical,Yes,0.03,Morning,https://faujitoursandtravels.com/wp-content/uploads/2024/08/kirti-mandir-scaled.jpg
Central,Uttar Pradesh,Mathura,Barsana Mandir,Temple,Unknown,1,4.8,0,Yes,None,Religious,Yes,0.1,Morning,https://upload.wikimedia.org/wikipedia/commons/7/74/Radharani_Temple_Barsana_2.jpg
Southern,Tamil Nadu,Thanjavur,Brihadeeswarar Temple,Temple,110,1.5,4.8,0,Yes,None,Religious,No,0.35,All,https://cdn.britannica.com/66/250066-050-B34A9532/Brihadishvara-Temple-Thanjavur-Tamil-Nadu-India.jpg
Eastern,Sikkim,Ravangla,Buddha Park,Park,213,1,4.8,50,Yes,None,Cultural,Yes,0.1,All,https://dynamic-media-cdn.tripadvisor.com/media/photo-o/16/ef/73/74/awesomeness-overloaded.jpg?w=900&h=500&s=1
Southern,Andaman and Nicobar Islands,Havelock Island,Radhanagar Beach,Beach,Unknown,1,4.8,0,No,None,Nature,Yes,0.09,Morning,https://dynamic-media-cdn.tripadvisor.com/media/photo-o/03/89/e9/f8/radhanagar-beach.jpg?w=900&h=500&s=1
Northern,Delhi,New Delhi,Gurudwara Bangla Sahib,Gurudwara,Unknown,1,4.8,0,Yes,None,Religious,Yes,1.05,All,https://upload.wikimedia.org/wikipedia/commons/thumb/4/49/Front_view_of_Gurudwara_Bangla_Sahib%2C_Delhi.jpg/800px-Front_view_of_Gurudwara_Bangla_Sahib%2C_Delhi.jpg
Northern,Uttarakhand,Kedarnath,Kedarnath,Temple,Unknown,1.5,4.8,0,No,None,Religious,No,2,All,https://badrinath-kedarnath.gov.in/css_js_2024/img/kedarnath-4k.jpg
Western,Maharastra,Mumbai,Mahalaxmi Temple,Temple,1831,1,4.7,0,Yes,None,Religious,No,0.33,All,https://upload.wikimedia.org/wikipedia/commons/5/53/Mahalaxmi_Temple%2C_Kolhapur.jpg
Southern,Telangana,Hyderabad,Birla Mandir,Temple,1976,1,4.7,0,Yes,None,Religious,No,0.41,All,https://upload.wikimedia.org/wikipedia/commons/3/3c/Birla_Mandir%2C_Hyderabad.png
Eastern,West Bengal,Kolkata,Dakshineswar Kali Temple,Temple,1855,1,4.7,0,Yes,None,Religious,Yes,0.82,Morning,https://upload.wikimedia.org/wikipedia/commons/thumb/3/32/Dakhineshwar_Temple_beside_the_Hoogly%2C_West_Bengal.JPG/800px-Dakhineshwar_Temple_beside_the_Hoogly%2C_West_Bengal.JPG
Eastern,West Bengal,Kolkata,Belur Math,Site,1898,1.5,4.7,0,Yes,None,Religious,Yes,0.47,Morning,https://upload.wikimedia.org/wikipedia/commons/thumb/8/81/Belur_Math%2C_Howrah.jpg/1200px-Belur_Math%2C_Howrah.jpg
Western,Gujarat,Dwarka,Dwarkadhish Temple,Temple,-400,2,4.7,0,No,None,Religious,No,0.59,Evening,https://upload.wikimedia.org/wikipedia/commons/a/a2/Dwarkadheesh_temple.jpg
Southern,Kerala,Thiruvananthapuram,Padmanabhaswamy Temple,Temple,Unknown,1,4.7,0,Yes,None,Religious,No,0.46,All,https://upload.wikimedia.org/wikipedia/commons/d/d2/Sree_Padmanabhaswamy_temple_01.jpg
Southern,Karnataka,Hampi,Hampi Archaeological Ruins,Site,Unknown,3,4.7,0,No,None,Historical,Yes,0.05,All,https://www.dailyartmagazine.com/wp-content/uploads/2020/08/stone-chariot-hampi-tourism-entry-fee-timings-holidays-reviews-header-1024x512.jpg
Southern,Karnataka,Murudeshwar,Murudeshwar Temple,Temple,Unknown,1,4.7,0,Yes,None,Religious,No,0.49,All,https://dynamic-media-cdn.tripadvisor.com/media/photo-o/0e/73/8a/ad/murudeshwar.jpg?w=1200&h=1200&s=1
Southern,Karnataka,Halebidu,Halebidu Hoysaleswara Temple,Temple,1121,1,4.7,15,No,None,Religious,No,0.11,All,https://media.meer.com/attachments/f7d6921ad0115a039e4a410081b28c60ab3f1564/store/fill/1090/613/b732c147bc434b3a19581501d1cbdcce7757cfefe3a28a417e8e9f9c9e03/An-entrance-into-the-Hoysaleshwara-temple-in-Halebidu.jpg
Western,Maharastra,Shirdi,Sai Baba Temple,Temple,1922,1.5,4.7,0,Yes,None,Religious,No,0.69,All,https://dynamic-media-cdn.tripadvisor.com/media/photo-o/0b/ab/9c/b1/shirdi-sai-baba-mandir.jpg?w=1200&h=-1&s=1
Western,Maharastra,Ratnagiri,Ganapatipule Temple,Temple,1600,1,4.7,0,No,None,Religious,No,0.1,All,https://www.ganpatipule.co.in/images/slider/5.jpg
Western,Maharashtra,Ajanta,Ellora Caves,Cave,600,3,4.7,30,Yes,Tuesday,Historical,Yes,0.49,Afternoon,https://whc.unesco.org/uploads/thumbs/site_0243_0001-1200-630-20151104152442.jpg
Central,Madhya Pradesh,Khajuraho,Khajuraho Group of Monuments,Temples,-850,2,4.7,40,No,None,Cultural,Yes,0.09,Afternoon,https://upload.wikimedia.org/wikipedia/commons/thumb/c/c8/Khajuraho_Group_of_Monuments_4.jpg/1200px-Khajuraho_Group_of_Monuments_4.jpg
Central,Madhya Pradesh,Bhopal,Sanchi Stupa,Monument,-300,1.5,4.7,30,Yes,None,Historical,Yes,0.01,Afternoon,https://upload.wikimedia.org/wikipedia/commons/thumb/1/12/East_Gateway_-_Stupa_1_-_Sanchi_Hill_2013-02-21_4398.JPG/250px-East_Gateway_-_Stupa_1_-_Sanchi_Hill_2013-02-21_4398.JPG
Northern,Himachal Pradesh,Shimla,The Ridge,Scenic Point,Unknown,1,4.7,0,Yes,None,Recreational,Yes,0.03,Morning,https://cdn.prod.website-files.com/5ebb1b2c07f0f111e4ac241c/657afea045f2033b23a92839_ridge.webp
Northern,Himachal Pradesh,dalhousie,Dalai Lama Temple,Temple,1959,1.5,4.7,0,Yes,None,Religious,No,0.15,All,https://customtoursindia.com/wp-content/uploads/2024/07/Visiting-Dharamshala-Home-of-the-Dalai-Lama-in-India.webp
Northern,Himachal Pradesh,Barot,Barot Valley,Valley,Unknown,2,4.7,0,No,None,Nature,Yes,1.2,Morning,https://dynamic-media-cdn.tripadvisor.com/media/photo-o/05/e7/15/ff/barot-valley-view.jpg?w=900&h=500&s=1
Northern,Uttarakhand,Joshimath,Valley of Flowers,National Park,1982,5,4.7,150,No,None,Nature,Yes,0.035,Morning,https://upload.wikimedia.org/wikipedia/commons/2/21/%28A%29_Valley_of_flowers%2C_Garhwal_Uttarakhand_India.jpg
Central,Uttar Pradesh,Varanasi,Kashi Vishwanath Temple,Temple,Unknown,1,4.7,0,Yes,None,Religious,No,0.9,All,https://upload.wikimedia.org/wikipedia/commons/f/ff/Kashi_Vishwanath.jpg
Central,Uttar Pradesh,Mathura,Krishna Janmabhoomi,Temple,Unknown,1,4.7,0,Yes,None,Religious,No,0.13,All,https://dynamic-media-cdn.tripadvisor.com/media/photo-o/0c/90/3e/20/img-20160817-122832-largejpg.jpg?w=1200&h=1200&s=1
Northern,Jammu and Kashmir,Jammu,Vaishno Devi,Temple,Unknown,5,4.7,0,Yes,None,Religious,No,0.55,All,https://upload.wikimedia.org/wikipedia/commons/c/c8/Vaishno_devi.jpg
Northern,Ladakh,Leh,Thiksey Monastery,Monastery,1430,1.5,4.7,20,Yes,None,Religious,No,0.05,All,https://upload.wikimedia.org/wikipedia/commons/e/e5/Thikse_Monastery_.jpg
Northern,Ladakh,Diskit,Diskit Monastery,Monastery,1351,1,4.7,20,No,None,Religious,No,0.015,Morning,https://upload.wikimedia.org/wikipedia/commons/1/16/Diskit_Gompa_2.jpg
Northern,Ladakh,Leh,Thiksey Monastery,Monastery,1430,1.5,4.7,30,Yes,None,Religious,No,0.05,All,https://upload.wikimedia.org/wikipedia/commons/e/e5/Thikse_Monastery_.jpg
Eastern,West Bengal,Bolpur,Kankalitala Temple,Temple,Unknown,0.5,4.7,0,Yes,None,Religious,No,0.045,All,https://upload.wikimedia.org/wikipedia/commons/4/4e/Kankalitala_Temple_complex%2C_Birbhum%2C_West_Bengal_05.jpg
Eastern,Odisha,Puri,Jagannath Temple,Temple,12th century,2,4.7,0,Yes,None,Religious,No,1,All,http://pujacraft.com/cdn/shop/articles/PTI04_24_2021_000120A_1619272465136_1641572422757.webp?v=1686066690
Eastern,Odisha,Konark,Sun Temple,Temple,1250,1.5,4.7,40,Yes,None,Historical,Yes,0.83,All,https://upload.wikimedia.org/wikipedia/commons/4/47/Konarka_Temple.jpg
Southern,Tamil Nadu,Madurai,Meenakshi Amman Temple,Temple,6th century AD,2,4.7,0,Yes,None,Religious,No,0.65,All,https://lookaside.instagram.com/seo/google_widget/crawler/?media_id=3539467584758186787
Southern,Tamil Nadu,Coimbatore,Marudamalai Temple,Temple,12th century,1,4.7,0,Yes,None,Religious,No,0.3,All,https://upload.wikimedia.org/wikipedia/commons/4/46/Maruthamalai_Rajagopuram_1.jpg
Southern,Tamil Nadu,Chidambaram,Nataraja Temple,Temple,10th century,1,4.7,0,Yes,None,Religious,No,0.28,All,https://upload.wikimedia.org/wikipedia/commons/4/44/Le_temple_de_Shiva_Nataraja_%28Chidambaram%2C_Inde%29_%2814037020332%29.jpg
Southern,Andhra Pradesh,Vijayawada,Kanaka Durga Temple,Temple,Unknown,1,4.7,0,Yes,None,Religious,No,0.44,All,https://upload.wikimedia.org/wikipedia/commons/b/ba/Kanakadurga_Temple_gopuram.jpg
Southern,Andhra Pradesh,Srisailam,Mallikarjuna Swamy Temple,Temple,14th century,1,4.7,0,No,None,Religious,No,0.49,All,https://upload.wikimedia.org/wikipedia/commons/c/c0/Srisailam.jpg
Southern,Andhra Pradesh,Amravati,Amaravathi Temple,Temple,Unknown,1,4.7,0,Yes,None,Religious,No,0.041,All,https://s7ap1.scene7.com/is/image/incredibleindia/amaralingeshwara-temple-amaravati-andhra-pradesh-1-attr-hero?qlt=82&ts=1726743722820
Southern,Andhra Pradesh,Puttaparthi,Prasanthi Nilayam,Spiritual Center,1950,1,4.7,0,Yes,None,Religious,Yes,0.12,All,https://upload.wikimedia.org/wikipedia/commons/d/da/Sri_Sathya_Sai_Baba_Mahasamadhi_at_Sai_Kulwant_Hall.jpg
Southern,Andhra Pradesh,Vizianagaram,Simhachalam Temple,Temple,198,1,4.7,0,Yes,None,Religious,No,0.59,All,https://upload.wikimedia.org/wikipedia/commons/1/18/Simhachalam_temple_from_a_hilltop.jpg
Eastern,Sikkim,Namchi,Char Dham,Religious Complex,211,2,4.7,50,Yes,None,Religious,No,0.12,All,https://www.dealswithai.com/assets/images/2024-05-29-02-01-11-Chardham-Yatra.jpg
North Eastern,Assam,Sivasagar,Sivasagar Sivadol,Temple,1734,1,4.7,0,No,None,Historical,Yes,0.065,All,https://upload.wikimedia.org/wikipedia/commons/7/79/Siva_Dol.JPG
North Eastern,Assam,Majuli,Majuli Island,River Island,Unknown,2,4.7,0,No,None,Cultural,Yes,0.01,Morning,https://upload.wikimedia.org/wikipedia/commons/c/cb/Doriya_River_of_Majuli.jpg
North Eastern,Arunachal Pradesh,Tawang,Tawang Monastery,Monastery,1680,2,4.7,0,No,None,Religious,No,0.032,Morning,https://upload.wikimedia.org/wikipedia/commons/2/2a/Tawang_Monastery_%28Tibetan_Buddhist%29.jpg
Southern,Andaman and Nicobar Islands,Port Blair,Cellular Jail,Landmark,1906,1.5,4.7,30,Yes,Monday,Historical,Yes,0.12,Afternoon,https://upload.wikimedia.org/wikipedia/commons/f/fe/Front_View_of_Cellular_Jail%2C_Port_Blair.JPG
Eastern,Jharkhand,Deoghar,Baba Baidyanath Temple,Temple,Unknown,1,4.7,0,Yes,None,Religious,Yes,1.8,All,https://upload.wikimedia.org/wikipedia/commons/e/e2/Baba_Dham.jpg
Eastern,Bihar,Bodh Gaya,Mahabodhi Temple,Temple,-260,1.5,4.7,0,Yes,None,Religious,Yes,0.2,All,https://whc.unesco.org/uploads/thumbs/site_1056_0001-750-750-20120601152647.jpg
Eastern,Bihar,Patna,Takhat Shri Harimandir Ji Patna Sahib,Gurudwara,Unknown,1,4.7,0,Yes,None,Religious,Yes,0.25,All,https://tourism.bihar.gov.in/content/dam/bihar-tourism/images/category_a/patna/takht_sri_harmandir_sahib/20.%20Takhat-Sri-Harimandir-Ji.jpg/jcr:content/renditions/cq5dam.web.480.480.jpeg
Northern,Haryana,Gurugram,DLF CyberHub,Commercial Complex,Unknown,2,4.7,0,Yes,None,Entertainment,Yes,0.71,Afternoon,https://dynamic-media-cdn.tripadvisor.com/media/photo-o/0f/b8/e2/a4/photo5jpg.jpg?w=1200&h=-1&s=1
Southern,Tamil Nadu,Rameswaram,Ramanathaswamy Temple,Temple,Unknown,1.5,4.7,0,Yes,None,Religious,No,0.1,All,https://upload.wikimedia.org/wikipedia/commons/thumb/8/84/Ramanathaswamy_temple7.JPG/1200px-Ramanathaswamy_temple7.JPG
Northern,Delhi,Delhi,India Gate,War Memorial,1921,0.5,4.6,0,Yes,None,Historical,Yes,2.6,Evening,https://upload.wikimedia.org/wikipedia/commons/thumb/9/99/India_Gate_on_the_evening_of_77th_Independence_day.jpg/640px-India_Gate_on_the_evening_of_77th_Independence_day.jpg
Northern,Delhi,Delhi,Akshardham Temple,Temple,2005,5,4.6,60,Yes,None,Religious,No,0.4,Afternoon,https://i0.wp.com/singhruby.com/wp-content/uploads/2016/01/akshardham_facts_and_figure_banner.jpg
Northern,Delhi,Delhi,Sunder Nursery,Park,1600,2,4.6,0,Yes,None,Botanical,Yes,0.16,Afternoon,https://upload.wikimedia.org/wikipedia/commons/thumb/0/0d/Sunder_Nursery_Sep-2019.jpg/1200px-Sunder_Nursery_Sep-2019.jpg
Western,Maharastra,Mumbai,Gateway of India,Monument,1924,1,4.6,0,Yes,None,Historical,Yes,3.6,All,https://upload.wikimedia.org/wikipedia/commons/thumb/3/3a/Mumbai_03-2016_30_Gateway_of_India.jpg/800px-Mumbai_03-2016_30_Gateway_of_India.jpg
Western,Maharastra,Mumbai,Chhatrapati Shivaji Maharaj Vastu Sangrahalaya,Museum,1922,1,4.6,500,Yes,None,Historical,Yes,0.34,All,https://upload.wikimedia.org/wikipedia/commons/7/79/Chhatrapati_Shivaji_Maharaj_Vastu_Sangrahalaya.jpg
Southern,Karnataka,Bangalore,Vidhana Soudha,Government Building,1956,0.5,4.6,0,Yes,None,Architectural,No,0.8,Morning,https://upload.wikimedia.org/wikipedia/commons/1/11/Vidhana_Soudha%2C_14_February_2022_-_cropped.jpg
Southern,Karnataka,Bangalore,ISKCON Temple Bangalore,Temple,1997,1,4.6,0,Yes,None,Religious,Yes,1.14,Evening,https://upload.wikimedia.org/wikipedia/commons/1/11/ISKCON_Banglaore_Temple.jpg
Eastern,West Bengal,Kolkata,Victoria Memorial,Museum,1921,1.5,4.6,30,Yes,Monday,Historical,Yes,0.73,Morning,https://upload.wikimedia.org/wikipedia/commons/7/72/Victoria_Memorial_situated_in_Kolkata.jpg
Eastern,West Bengal,Kolkata,Howrah Bridge,Bridge,1943,0.5,4.6,0,Yes,None,Architectural,No,1.2,Anytime,https://upload.wikimedia.org/wikipedia/commons/thumb/c/cb/Howrah_bridge_at_night.jpg/1200px-Howrah_bridge_at_night.jpg
Eastern,West Bengal,Kolkata,Indian Museum,Museum,1814,2,4.6,50,Yes,Monday,Historical,Yes,0.18,Morning,https://upload.wikimedia.org/wikipedia/commons/8/8c/Indian_Museum%2C_Courtyard%2C_Kolkata%2C_India.jpg
Southern,Goa,Goa,Dudhsagar Falls,Waterfall,Unknown,3,4.6,500,Yes,None,Nature,Yes,0.3,Afternoon,https://upload.wikimedia.org/wikipedia/commons/thumb/0/0b/Doodhsagar_Fall.jpg/1200px-Doodhsagar_Fall.jpg
Southern,Goa,Goa,Arambol Beach,Beach,Unknown,2,4.6,0,Yes,None,Scenic,Yes,0.1,Evening,https://upload.wikimedia.org/wikipedia/commons/a/ab/Arambol_2022-01-04-2.jpg
Southern,Goa,Goa,Palolem Beach,Beach,Unknown,2,4.6,0,Yes,None,Scenic,Yes,0.27,Evening,https://upload.wikimedia.org/wikipedia/commons/9/9c/Palolem_Beach%2C_South_Goa.jpg
Western,Gujarat,Ahmedabad,Sabarmati Ashram,Historical,1915,1.5,4.6,0,Yes,None,Historical,Yes,0.35,Morning,https://upload.wikimedia.org/wikipedia/commons/9/9a/GANDHI_ASHRAM_03.jpg
Western,Gujarat,Bhuj,White Desert,Site,1950,2.5,4.6,0,Yes,None,Nature,Yes,0.12,Evening,https://upload.wikimedia.org/wikipedia/commons/4/4a/Al_Farafrah%2C_New_Valley_Governorate%2C_Egypt_-_panoramio_%2821%29.jpg
Western,Gujarat,Kevadia,Statue of Unity,Monument,2018,3,4.6,350,No,Monday,Historical,Yes,0.67,All,https://upload.wikimedia.org/wikipedia/commons/0/07/Statue_of_Unity.jpg
Western,Gujarat,Ahmedabad,Sabarmati Riverfront,Urban Development Project,2012,1,4.6,0,Yes,None,Recreational,Yes,0.1,Evening,https://upload.wikimedia.org/wikipedia/commons/d/d0/Sabarmati_1_Madhur.jpg
Northern,Rajasthan,Sawai Madhopur,Ranthambore National Park,Wildlife Sanctuary,1980,3,4.6,500,No,None,Wildlife,Yes,0.09,All,https://www.tripsavvy.com/thmb/dV7zQhV4qJ_mPL8AmzjenGByzk8=/1500x0/filters:no_upscale():max_bytes(150000):strip_icc()/tres-bengala-tigres-en-frente-de-turista-de-520373860-735d4cd8c3b147d98cce1f158d0eefab.jpg
Northern,Rajasthan,Ajmer,Ajmer Sharif Dargah,Shrine,1236,1,4.6,0,Yes,None,Religious,No,0.35,All,https://d2dzi65yjecjnt.cloudfront.net/405980.jpg
Northern,Rajasthan,Jodhpur,Mehrangarh Fort,Fort,1459,2,4.6,100,Yes,None,Historical,Yes,0.64,All,https://cdn.britannica.com/39/242539-050-97AFAE4E/Mehrangarh-fortress-Jodhpur-Rajasthan-India.jpg
Northern,Rajasthan,Chittorgarh,Chittorgarh Fort,Fort,700,2,4.6,40,No,None,Historical,Yes,1.9,All,https://upload.wikimedia.org/wikipedia/commons/thumb/3/3a/Chittorgarh_fort.JPG/1200px-Chittorgarh_fort.JPG
Northern,Rajasthan,Mount Abu,Dilwara Temples,Temple,1100,1,4.6,0,No,None,Religious,No,0.05,All,https://upload.wikimedia.org/wikipedia/commons/8/81/Delwada.jpg
Northern,Rajasthan,Jaipur,Amber Fort,Fort,1592,2,4.6,100,Yes,None,Historical,Yes,1.5,All,https://upload.wikimedia.org/wikipedia/commons/thumb/f/fb/20191219_Fort_Amber%2C_Amer%2C_Jaipur_0955_9481.jpg/800px-20191219_Fort_Amber%2C_Amer%2C_Jaipur_0955_9481.jpg
Northern,Rajasthan,Udaipur,Lake Pichola,Lake,1362,1,4.6,0,Yes,None,Nature,Yes,0.5,All,https://upload.wikimedia.org/wikipedia/commons/d/d2/Udaipur_Lake_India.JPG
Southern,Kerala,Varkala,Varkala Beach,Beach,Unknown,2,4.6,0,Yes,None,Recreational,Yes,0.1,All,https://upload.wikimedia.org/wikipedia/commons/e/e0/Varkala_beach_from_above.jpg
Southern,Kerala,Kochi,Wonderla Amusement Park,Amusement Park,2016,5.5,4.6,750,Yes,None,Entertainment,Yes,0.41,All,https://dynamic-media-cdn.tripadvisor.com/media/photo-o/0f/b4/a3/72/flash-tower-is-a-shoot.jpg?w=1200&h=1200&s=1
Southern,Karnataka,Mysore,Mysore Palace,Palace,1912,2,4.6,50,Yes,None,Historical,Yes,2.5,All,https://upload.wikimedia.org/wikipedia/commons/thumb/a/a4/Mysore_Palace_Morning.jpg/1200px-Mysore_Palace_Morning.jpg
Southern,Karnataka,Badami,Badami Cave Temples,Cave,600,1.5,4.6,30,No,None,Religious,No,0.2,All,https://upload.wikimedia.org/wikipedia/commons/7/7b/Vishnu_image_inside_cave_number_3_in_Badami.jpg
Southern,Karnataka,Shivamogga,Jog Falls,Waterfall,1900,1.5,4.6,30,No,None,Nature,Yes,0.23,Morning,https://upload.wikimedia.org/wikipedia/commons/thumb/f/f5/Jog_Falls_05092016.jpg/1200px-Jog_Falls_05092016.jpg
Western,Maharastra,Aurangabad,Ajanta Caves,Cave,200,3,4.6,30,Yes,Monday,Historical,Yes,0.21,Afternoon,https://upload.wikimedia.org/wikipedia/commons/thumb/c/c3/Ajanta_%2863%29.jpg/300px-Ajanta_%2863%29.jpg
Western,Maharashtra,Tarkarli,Tarkarli Beach,Beach,Unknown,2,4.6,0,No,None,Recreational,Yes,0.065,Evening,https://dynamic-media-cdn.tripadvisor.com/media/photo-o/05/19/79/56/tarkarli-beach.jpg?w=1200&h=1200&s=1
Central,Madhya Pradesh,Pachmarhi,Bee Falls,Waterfall,Unknown,1.5,4.6,15,No,None,Nature,Yes,0.065,Morning,https://dynamic-media-cdn.tripadvisor.com/media/photo-o/19/33/53/06/photo0jpg.jpg?w=900&h=500&s=1
Central,Madhya Pradesh,Bhimbetka,Bhimbetka Rock Shelters,Prehistoric Site,1958,2,4.6,25,No,None,Archaeological,Yes,0.07,Afternoon,https://upload.wikimedia.org/wikipedia/commons/9/91/Rock_Shelter_8%2C_Bhimbetka_02.jpg
Northern,Himachal Pradesh,Palampur,Tea Gardens,Tea Plantation,1950,1.5,4.6,0,Yes,None,Agricultural,Yes,0.015,Morning,https://dynamic-media-cdn.tripadvisor.com/media/photo-o/12/e9/52/a2/sunset-at-tata-tea-gardens.jpg?w=1200&h=-1&s=1
Northern,Himachal Pradesh,Mandi,Prashar Lake,Lake,1400,1.5,4.6,0,No,None,Nature,Yes,0.01,Morning,https://upload.wikimedia.org/wikipedia/commons/7/75/Prashar_Lake_and_temple_%2CMandi_%2CHimachal_Pardesh.jpg
Northern,Himachal Pradesh,Manikaran,Manikaran Sahib,Gurudwara,1980,1,4.6,0,No,None,Religious,Yes,1.3,Morning,https://upload.wikimedia.org/wikipedia/commons/c/c7/Outer_view_of_the_temple%27s_hot_water_well_and_the_parvati_river_flowing_by_it.jpg
Central,Uttar Pradesh,Agra,Taj Mahal,Mausoleum,1632,2,4.6,50,Yes,Friday,Historical,Yes,2.25,Morning,https://upload.wikimedia.org/wikipedia/commons/thumb/1/1d/Taj_Mahal_%28Edited%29.jpeg/640px-Taj_Mahal_%28Edited%29.jpeg
Central,Uttar Pradesh,Sarnath,Dhamek Stupa,Monument,-500,1,4.6,5,Yes,None,Historical,Yes,0.065,All,https://upload.wikimedia.org/wikipedia/commons/0/02/Dhamek_Stupa%2C_Sarnath.jpg
Northern,Jammu and Kashmir,Srinagar,Dal Lake,Lake,Unknown,2,4.6,0,Yes,None,Nature,Yes,0.15,Morning,https://upload.wikimedia.org/wikipedia/commons/thumb/e/e1/Dal_Lake_Hazratbal_Srinagar.jpg/800px-Dal_Lake_Hazratbal_Srinagar.jpg
Northern,Jammu and Kashmir,Pahalgam,Betaab Valley,Valley,Unknown,2,4.6,100,No,None,Nature,Yes,0.11,All,https://dynamic-media-cdn.tripadvisor.com/media/photo-o/08/71/3f/53/betaab-valley.jpg?w=1200&h=1200&s=1
Eastern,West Bengal,Hooghly,Hangseswari Temple,Temple,1814,0.5,4.6,0,Yes,None,Architectural,No,0.07,All,https://upload.wikimedia.org/wikipedia/commons/0/07/Hanseswari_Mandir.jpg
Eastern,Odisha,Bhubaneswar,Lingaraj Temple,Temple,11th century,1,4.6,0,Yes,None,Religious,No,0.35,All,https://upload.wikimedia.org/wikipedia/commons/8/83/LINGARAJ_TEMPLE_AMLAN_BISWAL_2024.jpg
Eastern,Odisha,Berhampur,Tara Tarini Temple,Temple,Ancient,1,4.6,0,Yes,None,Religious,No,0.01,All,https://upload.wikimedia.org/wikipedia/commons/b/bb/Taratarini_maa.jpg
Southern,Tamil Nadu,Rameswaram,Ramanathaswamy Temple,Temple,12th century,1.5,4.6,0,No,None,Religious,No,0.01,All,https://upload.wikimedia.org/wikipedia/commons/thumb/8/84/Ramanathaswamy_temple7.JPG/1200px-Ramanathaswamy_temple7.JPG
Southern,Tamil Nadu,Kanyakumari,Vivekananda Rock Memorial,Memorial,1970,1,4.6,20,Yes,None,Historical,No,0.47,Morning,https://upload.wikimedia.org/wikipedia/commons/b/b6/RockMemorial.jpg
Southern,Tamil Nadu,Mahabalipuram,Shore Temple,Temple,7th century,1,4.6,40,Yes,None,Historical,No,0.09,All,https://upload.wikimedia.org/wikipedia/commons/7/74/Shore_Temple_-Mamallapuram_-Tamil_Nadu_-N-TN-C55.jpg
Southern,Tamil Nadu,Tirunelveli,Nellaiappar Temple,Temple,7th century,1,4.6,0,Yes,None,Religious,No,0.16,All,https://upload.wikimedia.org/wikipedia/commons/b/b8/Tirnelveli_Gandhimathiamman_Temple_Tower.JPG
Southern,Andhra Pradesh,Anantapur,Lepakshi,Site,16th century,1.5,4.6,0,No,None,Historical,Yes,0.075,All,https://upload.wikimedia.org/wikipedia/commons/thumb/0/0a/Front_side_of_Veerabhadra_Temple%2C_Lepakshi.jpg/1200px-Front_side_of_Veerabhadra_Temple%2C_Lepakshi.jpg
Southern,Andhra Pradesh,Visakhapatnam,Submarine Museum,Museum,22,1,4.6,40,Yes,None,Historical,Yes,0.49,All,https://upload.wikimedia.org/wikipedia/commons/thumb/3/34/Submarine_Museum.JPG/1200px-Submarine_Museum.JPG
Eastern,Sikkim,Pelling,Pemayangtse Monastery,Monastery,1705,1,4.6,20,No,None,Religious,No,0.015,Morning,https://dynamic-media-cdn.tripadvisor.com/media/photo-o/09/39/80/4e/pemayangtse-monastery.jpg?w=900&h=500&s=1
Eastern,Sikkim,Gangtok,Rumtek Monastery,Monastery,1960s,1,4.6,10,Yes,None,Religious,No,0.035,Morning,https://upload.wikimedia.org/wikipedia/commons/e/e5/Vikramjit-Kakati-Rumtek.jpg
North Eastern,Assam,Guwahati,Kamakhya Temple,Temple,Unknown,2,4.6,0,Yes,None,Religious,No,0.21,All,https://upload.wikimedia.org/wikipedia/commons/thumb/d/dc/Kamakhya_Temple%2C_Guwahati.jpg/1200px-Kamakhya_Temple%2C_Guwahati.jpg
North Eastern,Assam,Manas,Manas National Park,National Park,1990,3,4.6,500,No,None,Wildlife,Yes,0.19,Morning,https://upload.wikimedia.org/wikipedia/commons/d/d8/Manas_National_Park.jpg
Central,Chhattisgarh,Bastar,Chitrakote Falls,Waterfall,Unknown,1.5,4.6,0,No,None,Nature,Yes,0.19,Morning,https://upload.wikimedia.org/wikipedia/commons/9/91/Chitrakot_waterfalls.JPG
Western,Daman and Diu,Diu,Diu Fort,Fort,1535,1.5,4.6,0,No,None,Historical,Yes,1.2,Afternoon,https://dynamic-media-cdn.tripadvisor.com/media/photo-o/10/53/f4/8e/beutiful-place.jpg?w=900&h=500&s=1
Eastern,Jharkhand,Ranchi,Pahari Mandir,Temple,Unknown,1,4.6,0,Yes,None,Religious,Yes,0.13,All,https://upload.wikimedia.org/wikipedia/commons/0/0d/Pahari_Mandir_-_Ranchi_Hill_9243.JPG
Northern,Haryana,Gurugram,Ambience Mall,Mall,Unknown,2,4.6,0,Yes,None,Shopping,Yes,1.2,Afternoon,https://upload.wikimedia.org/wikipedia/commons/6/62/Mango_atrium_at_Ambience_Mall%2C_Gurgaon.jpg
Central,Uttar Pradesh,Noida,DLF Mall of India,Mall,2016,2,4.6,0,Yes,None,Shopping,Yes,1.5,All,https://upload.wikimedia.org/wikipedia/commons/3/3f/DLF_Mall_of_India.jpg
Northern,Delhi,Delhi,Humayun's Tomb,Tomb,1572,2,4.5,30,Yes,None,Historical,Yes,0.4,Afternoon,https://whc.unesco.org/uploads/thumbs/site_0232_0005-750-750-20210425155601.jpg
Northern,Delhi,Delhi,Lotus Temple,Temple,1986,1,4.5,0,Yes,Monday,Religious,Yes,0.59,Evening,https://upload.wikimedia.org/wikipedia/commons/thumb/f/fc/LotusDelhi.jpg/800px-LotusDelhi.jpg
Northern,Delhi,Delhi,Red Fort,Fort,1648,2,4.5,35,Yes,None,Historical,Yes,1.5,Afternoon,https://cdn.britannica.com/20/189820-050-D650A54D/Red-Fort-Old-Delhi-India.jpg
Northern,Delhi,Delhi,Lodhi Garden,Park,1500,1,4.5,0,Yes,None,Botanical,Yes,0.48,All,https://dynamic-media-cdn.tripadvisor.com/media/photo-o/06/14/cf/80/lodi-gardens.jpg?w=1200&h=1200&s=1
Northern,Delhi,Delhi,National Gallery of Modern Art,Museum,1954,3,4.5,20,Yes,Monday,Artistic,Yes,0.08,All,https://upload.wikimedia.org/wikipedia/commons/3/31/Jaipur_House_Delhi.jpg
Northern,Delhi,Delhi,Qutub Minar,Monument,1192,1,4.5,35,Yes,None,Historical,Yes,1.37,Afternoon,https://upload.wikimedia.org/wikipedia/commons/thumb/c/c0/Qutb_Minar_2011.jpg/200px-Qutb_Minar_2011.jpg
Western,Maharastra,Mumbai,Marine Drive,Promenade,Unknown,2,4.5,0,Yes,None,Scenic,Yes,1.5,Evening,https://upload.wikimedia.org/wikipedia/commons/thumb/d/d6/Marine_Drive_Skyline.jpg/800px-Marine_Drive_Skyline.jpg
Southern,Telangana,Hyderabad,Charminar,Landmark,1591,1,4.5,25,Yes,Friday,Historical,Yes,2.1,Morning,https://upload.wikimedia.org/wikipedia/commons/thumb/7/71/Charminar_Hyderabad_1.jpg/800px-Charminar_Hyderabad_1.jpg
Southern,Goa,Goa,Basilica of Bom Jesus,Church,1605,1,4.5,0,Yes,None,Historical,Yes,0.59,Afternoon,https://upload.wikimedia.org/wikipedia/commons/thumb/9/9b/Basilica_of_bom_jesus_-_Front_View.jpg/1200px-Basilica_of_bom_jesus_-_Front_View.jpg
Southern,Goa,Goa,Se Cathedral,Church,1640,1,4.5,0,Yes,None,Historical,Yes,0.05,Afternoon,https://upload.wikimedia.org/wikipedia/commons/7/72/Se%E2%80%99_Cathedral%2C_Goa.jpg
Southern,Goa,Goa,Baga Beach,Beach,Unknown,2,4.5,0,Yes,None,Scenic,Yes,0.35,Evening,https://dynamic-media-cdn.tripadvisor.com/media/photo-o/18/3e/36/95/baga-sea-beach.jpg?w=1200&h=-1&s=1
Southern,Goa,Goa,Aguada Beach,Beach,Unknown,2,4.5,0,Yes,None,Scenic,Yes,0.01,Evening,https://dynamic-media-cdn.tripadvisor.com/media/photo-o/0b/30/bd/4c/photo2jpg.jpg?w=1200&h=-1&s=1
Western,Gujarat,Junagadh,Gir National Park,National Park,1965,3,4.5,3500,No,None,Wildlife,Yes,0.08,Morning,https://upload.wikimedia.org/wikipedia/commons/9/90/Gir_lion-Gir_forest%2Cjunagadh%2Cgujarat%2Cindia.jpeg
Western,Gujarat,Gandhinagar,Dandi Kutir,Museum,2013,1.5,4.5,0,No,None,Historical,Yes,0.05,All,https://dandi-kutir.com/wp-content/uploads/2023/07/Picture2.jpg
Western,Gujarat,Ahmedabad,Kankaria Lake,Lake,1451,3,4.5,10,Yes,None,Recreational,Yes,0.3,Afternoon,https://upload.wikimedia.org/wikipedia/commons/thumb/2/2a/Kankaria_Carnival_2_Ahmedabad.JPG/1200px-Kankaria_Carnival_2_Ahmedabad.JPG
Northern,Rajasthan,Bikaner,Junagarh Fort,Fort,1589,2,4.5,50,Yes,None,Historical,Yes,0.32,All,https://dynamic-media-cdn.tripadvisor.com/media/photo-o/10/38/91/24/outside-of-the-fort.jpg?w=900&h=-1&s=1
Northern,Rajasthan,Jaipur,Jaigarh Fort,Fort,1726,1.5,4.5,35,Yes,None,Historical,Yes,0.3,All,https://upload.wikimedia.org/wikipedia/commons/3/34/Rajasthan-Jaipur-Jaigarh-Fort-compound-Apr-2004-00.JPG
Northern,Punjab,Chandigarh,Rock Garden,Sculpture Garden,1976,2,4.5,30,Yes,None,Artistic,Yes,0.5,All,https://www.thespruce.com/thmb/tO_j4ToZ8KXEhNAzpS0atlzCF2M=/2048x0/filters:no_upscale():max_bytes(150000):strip_icc()/how-to-build-rock-gardens-2132674-hero-0ca8dc4580c9495c8fea6ed3db29f92f.jpg
Southern,Kerala,Alappuzha,Alappuzha Beach,Beach,Unknown,1.5,4.5,0,Yes,None,Recreational,Yes,0.11,All,https://upload.wikimedia.org/wikipedia/commons/thumb/1/1f/Alleppey_beach.jpg/1200px-Alleppey_beach.jpg
Southern,Kerala,Wayanad,Wayanad Wildlife Sanctuary,Wildlife Sanctuary,Unknown,3,4.5,300,No,None,Wildlife,Yes,2.2,All,https://upload.wikimedia.org/wikipedia/commons/1/11/Wayanad_Wild_Life_Sanctuary.JPG
Southern,Kerala,Bekal,Bekal Fort,Fort,1650,1.5,4.5,20,No,None,Historical,Yes,0.22,All,https://upload.wikimedia.org/wikipedia/commons/7/74/Bekal.jpg
Southern,Kerala,Nelliyampathy,Seethargundu Viewpoint,Viewpoint,Unknown,1,4.5,0,No,None,Nature,Yes,0.03,Morning,https://dynamic-media-cdn.tripadvisor.com/media/photo-o/03/4e/3a/91/seethargundu-viewpoint.jpg?w=1200&h=1200&s=1
Southern,Karnataka,Gokarna,Om Beach,Beach,Unknown,2,4.5,0,No,None,Nature,Yes,0.09,All,https://dynamic-media-cdn.tripadvisor.com/media/photo-o/03/53/5e/7f/om-beach.jpg?w=900&h=500&s=1
Southern,Karnataka,Chikmagalur,Mullayanagiri,Mountain Peak,Unknown,3,4.5,0,No,None,Nature,Yes,0.05,All,https://i0.wp.com/weekendyaari.in/wp-content/uploads/2024/11/Mullayanagiri-scaled.webp?fit=2560%2C1322&ssl=1
Southern,Karnataka,Mangalore,Panambur Beach,Beach,Unknown,1.5,4.5,0,Yes,None,Recreational,Yes,0.1,All,https://karnatakatourism.org/wp-content/uploads/2020/06/Panambur-Beach-800x450-1.jpg
Southern,Karnataka,Bijapur,Gol Gumbaz,Mausoleum,1656,1.5,4.5,20,No,None,Historical,Yes,0.25,All,https://upload.wikimedia.org/wikipedia/commons/thumb/0/0c/Gol_Gumbaj2.JPG/640px-Gol_Gumbaj2.JPG
Western,Maharastra,Nagpur,Deekshabhoomi,Monument,2001,1,4.5,0,Yes,None,Religious,Yes,0.11,Afternoon,https://upload.wikimedia.org/wikipedia/commons/3/38/Deekshabhoomi_-_panoramio.jpg
Central,Madhya Pradesh,Gwalior,Gwalior Fort,Fort,900,2.5,4.5,75,Yes,None,Historical,Yes,0.4,Morning,https://upload.wikimedia.org/wikipedia/commons/thumb/1/15/Gwalior_Fort_front.jpg/1200px-Gwalior_Fort_front.jpg
Central,Madhya Pradesh,Jabalpur,Dhuandhar Falls,Waterfall,Unknown,1,4.5,0,No,None,Nature,Yes,0.01,Morning,https://upload.wikimedia.org/wikipedia/commons/d/d0/Dhuandhar_Waterfalls_in_Bhedaghat%2C_India.jpg
Central,Madhya Pradesh,Kanha,Kanha National Park,Wildlife Sanctuary,1955,3,4.5,100,No,None,Wildlife,Yes,0.1,Morning,https://upload.wikimedia.org/wikipedia/commons/1/1f/Tiger_Kanha_National_Park.jpg
Central,Madhya Pradesh,Bandhavgarh,Bandhavgarh National Park,National Park,1968,3,4.5,50,No,None,Wildlife,Yes,0.05,Morning,https://www.bandhavgarh.net/wp-content/uploads/2023/03/bandhavgarh-national-park-gate.webp
Northern,Himachal Pradesh,Dalhousie,Khajjiar Lake,Lake,Unknown,1.5,4.5,0,No,None,Nature,Yes,0.1,Morning,https://upload.wikimedia.org/wikipedia/commons/thumb/2/20/Khajjiar.jpg/1200px-Khajjiar.jpg
Northern,Himachal Pradesh,Kullu,Great Himalayan National Park,National Park,1984,3,4.5,50,No,None,Wildlife,Yes,0.2,All,https://upload.wikimedia.org/wikipedia/commons/thumb/d/dd/Himalayn_National_Park_01.jpg/1200px-Himalayn_National_Park_01.jpg
Northern,Himachal Pradesh,Kinnaur,Sangla Valley,Valley,Unknown,2,4.5,0,No,None,Nature,Yes,0.01,Morning,https://www.india.com/wp-content/uploads/2018/08/Sangla-Valley.jpg
Northern,Himachal Pradesh,Narkanda,Hatu Peak,Viewpoint,Unknown,2,4.5,0,Yes,None,Nature,Yes,1.1,All,https://dynamic-media-cdn.tripadvisor.com/media/photo-o/05/cd/de/8c/hatu-peak.jpg?w=1200&h=-1&s=1
Northern,Uttarakhand,Haridwar,Har Ki Pauri,Ghat,Unknown,1,4.5,0,Yes,None,Religious,Yes,0.025,All,https://upload.wikimedia.org/wikipedia/commons/thumb/0/0f/Evening_view_of_Har-ki-Pauri%2C_Haridwar.jpg/640px-Evening_view_of_Har-ki-Pauri%2C_Haridwar.jpg
Northern,Uttarakhand,Dehradun,Robber's Cave,Cave,Unknown,1.5,4.5,25,Yes,None,Nature,Yes,0.01,Morning,https://d1pk12b7bb81je.cloudfront.net/thumbor/o351uGqYDHJbvUVOv7pk1r1-SrE=/full-fit-in/800x800/https://d1pk12b7bb81je.cloudfront.net/okdataengine/appmedia/images/117/117542/Robbers%20Cave%20Oct%202019_LD_5283.jpeg.jpg
Northern,Uttarakhand,Auli,Auli Ski Resort,Ski Resort,1990,3,4.5,0,No,None,Adventure,Yes,0.01,Morning,https://dynamic-media-cdn.tripadvisor.com/media/photo-o/27/f5/86/af/cliff-top-club.jpg?w=1200&h=-1&s=1
Central,Uttar Pradesh,Allahabad,Triveni Sangam,Confluence,Unknown,1,4.5,0,Yes,None,Religious,Yes,0.09,Morning,https://travelsetu.com/apps/uploads/new_destinations_photos/destination/2024/01/05/e5c371fa9c1bbfb486c1a85f7364cd2f_1000x1000.png
Northern,Jammu and Kashmir,Anantnag,Amarnath Cave,Temple,Unknown,6,4.5,0,No,None,Religious,Yes,0.11,All,https://upload.wikimedia.org/wikipedia/commons/6/66/Cave_Temple_of_Lord_Amarnath.jpg
Northern,Ladakh,Nubra Valley,Nubra Valley,Valley,Unknown,2,4.5,0,No,None,Nature,Yes,0.1,All,https://dynamic-media-cdn.tripadvisor.com/media/photo-o/03/b9/e6/1c/nubra-valley.jpg?w=1200&h=-1&s=1
Northern,Ladakh,Leh,Khardung La Pass,Hill,Unknown,1,4.5,0,Yes,None,Adventure,Yes,0.05,Afternoon,https://peopleoftheplanet.com/wp-content/uploads/2018/10/the-highest-road-in-the-world-snow.png
Eastern,West Bengal,Darjeeling,Tiger Hill,Sunrise Point,Unknown,1,4.5,0,No,None,Nature,Yes,0.025,All,https://upload.wikimedia.org/wikipedia/commons/d/d8/Tiger_Hill_Darjeeling_West_Bengal_India_%283%29.JPG
Eastern,West Bengal,Digha,Digha Beach,Beach,Unknown,1.5,4.5,0,No,None,Recreational,Yes,0.09,Morning,https://dynamic-media-cdn.tripadvisor.com/media/photo-o/07/00/60/71/digha-beach.jpg?w=1200&h=1200&s=1
Eastern,West Bengal,Murshidabad,Hazarduari Palace,Palace,1837,1.5,4.5,10,Yes,Friday,Historical,Yes,0.18,Morning,https://upload.wikimedia.org/wikipedia/commons/e/e8/Hazarduari01_debaditya_chatterjee.jpg
Eastern,West Bengal,Cooch Behar,Cooch Behar Palace,Palace,1887,1,4.5,20,Yes,Friday,Historical,Yes,0.09,All,https://upload.wikimedia.org/wikipedia/commons/8/81/The_Cooch_Behar_Palace_or_the_Cooch_Behar_Rajbari%2C_Cooch_Behar_District%2C_West_Bengal%2C_India_01.jpg
Eastern,West Bengal,Purulia,Ayodhya Hills,Hill,Unknown,2.5,4.5,0,No,None,Nature,Yes,0.15,All,https://dynamic-media-cdn.tripadvisor.com/media/photo-o/10/7c/8f/6f/ajodhya-hill-area.jpg?w=1200&h=1200&s=1
Eastern,Odisha,Rourkela,Khandadhar Waterfall,Waterfall,Unknown,1.5,4.5,0,No,None,Nature,Yes,1.2,All,https://upload.wikimedia.org/wikipedia/commons/6/68/Khandadhar_Waterfall.jpg
Eastern,Odisha,Cuttack,Barabati Fort,Fort,-987,1,4.5,0,Yes,None,Historical,Yes,0.13,All,https://upload.wikimedia.org/wikipedia/commons/9/95/Entrance_of_Barabati_fort.jpg
Eastern,Odisha,Sambalpur,Hirakud Dam,Dam,1957,1,4.5,0,No,None,Engineering Marvel,Yes,0.01,All,https://upload.wikimedia.org/wikipedia/commons/0/00/Hirakud_Dam.jpg
Southern,Andhra Pradesh,Visakhapatnam,Rishikonda Beach,Beach,Unknown,1.5,4.5,0,Yes,None,Recreational,Yes,0.39,Morning,https://upload.wikimedia.org/wikipedia/commons/a/a5/Rushikonda_beach_view_001.jpg
Southern,Andhra Pradesh,Kadapa,Gandikota Fort,Fort,12th century,1.5,4.5,0,No,None,Historical,Yes,0.015,Morning,https://dynamic-media-cdn.tripadvisor.com/media/photo-o/15/4a/20/f2/grand-canyon-of-india.jpg?w=1200&h=1200&s=1
Southern,Andhra Pradesh,Visakhapatnam,Kailasagiri,Hill,Unknown,2,4.5,0,Yes,None,Recreational,Yes,0.019,All,https://upload.wikimedia.org/wikipedia/commons/7/7a/Kailasagiri.jpg
Southern,Andhra Pradesh,Visakhapatnam,Borra Caves,Cave,Unknown,2,4.5,60,No,None,Natural Wonder,Yes,0.31,Afternoon,https://dynamic-media-cdn.tripadvisor.com/media/photo-o/0f/9d/80/6a/borra-caves.jpg?w=1200&h=1200&s=1
North Eastern,Assam,Kaziranga,Kaziranga National Park,National Park,1905,3,4.5,650,No,None,Wildlife,No,0.068,Morning,https://upload.wikimedia.org/wikipedia/commons/f/fe/Beauty_of_Kaziranga_National_Park.jpg
North Eastern,Assam,Hajo,Hayagriva Madhava Temple,Temple,Unknown,1,4.5,0,No,None,Religious,Yes,0.9,All,https://upload.wikimedia.org/wikipedia/commons/c/c7/Hagriva_Madhava_Temple_side_view2.jpg
North Eastern,Tripura,Agartala,Ujjayanta Palace,Palace,1901,1.5,4.5,10,Yes,Monday,Historical,Yes,0.035,All,https://upload.wikimedia.org/wikipedia/commons/c/c8/Ujjayanta_palace_Tripura_State_Museum_Agartala_India.jpg
North Eastern,Tripura,Dumboor,Dumboor Lake,Lake,Unknown,1,4.5,0,No,None,Nature,Yes,0.01,Morning,https://dynamic-media-cdn.tripadvisor.com/media/photo-o/0a/9e/e0/9c/dumbor-lake.jpg?w=1200&h=-1&s=1
North Eastern,Tripura,Unakoti,Unakoti Rock Carvings,Rock Carvings,700,1.5,4.5,20,No,None,Historical,Yes,0.025,Morning,https://upload.wikimedia.org/wikipedia/commons/f/f0/Unakoti_3.jpg
Southern,Puducherry,Puducherry,Promenade Beach,Beach,Unknown,1,4.5,0,Yes,None,Recreational,Yes,0.09,Morning,https://static.toiimg.com/photo/48552994.cms
Southern,Puducherry,Puducherry,Paradise Beach,Beach,Unknown,1,4.5,200,Yes,None,Recreational,Yes,0.015,Morning,https://www.paradisebeachcozumel.com/sites/default/files/styles/565_675_focal_point/public/2024-01/sup-fun-pass-paradise-beach-cozumel.png.webp?itok=yJHeAnrJ
Southern,Andaman and Nicobar Islands,Neil Island,Bharatpur Beach,Beach,Unknown,1,4.5,0,No,None,Nature,Yes,0.04,Morning,http://be.discoverandaman.in/storage/uploads/2024/2/8e7965b3-74e6-478a-bcda-088346037edd.jpeg
Western,Daman and Diu,Diu,Naida Caves,Cave,Unknown,1,4.5,0,No,None,Nature,Yes,0.6,Afternoon,https://dynamic-media-cdn.tripadvisor.com/media/photo-o/0d/a3/00/53/img-20161116-140018-largejpg.jpg?w=1200&h=-1&s=1
Southern,Karnataka,Bengaluru,Wonderla Amusement Park,Amusement Park,2005,4,4.5,890,Yes,None,Entertainment,Yes,0.95,All,https://dynamic-media-cdn.tripadvisor.com/media/photo-o/0f/b4/a3/72/flash-tower-is-a-shoot.jpg?w=1200&h=1200&s=1
Northern,Delhi,Delhi,National Science Centre,Science,1992,5,4.4,70,Yes,None,Scientific,Yes,0.23,All,https://dynamic-media-cdn.tripadvisor.com/media/photo-o/0e/a7/60/38/nice-experience.jpg?w=1200&h=1200&s=1
Western,Maharastra,Mumbai,Haji Ali Dargah,Religious Shrine,1431,2,4.4,0,Yes,None,Religious,No,0.16,All,https://upload.wikimedia.org/wikipedia/commons/c/ca/Mumbai_03-2016_12_Haji_Ali_Dargah.jpg
Southern,Karnataka,Bangalore,Lalbagh Botanical Garden,Botanical Garden,1760,1.5,4.4,20,Yes,None,Nature,Yes,1.5,Evening,https://upload.wikimedia.org/wikipedia/commons/d/d5/Glasshouse_and_fountain_at_lalbagh.jpg
Southern,Karnataka,Bangalore,Cubbon Park,Park,1870,1,4.4,0,Yes,None,Nature,Yes,1.32,Morning,https://travelsetu.com/apps/uploads/new_destinations_photos/destination/2023/12/22/b22be5abb14d39eb918bf2f3e91af4de_1000x1000.jpg
Southern,Telangana,Hyderabad,Golconda Fort,Fort,1600,2,4.4,30,Yes,None,Historical,Yes,1.2,Morning,https://upload.wikimedia.org/wikipedia/commons/5/56/Golconda_Fort_005.jpg
Southern,Telangana,Hyderabad,Ramoji Film City,Film Studio,1996,4,4.4,1150,Yes,None,Entertainment,Yes,0.45,All,https://upload.wikimedia.org/wikipedia/commons/thumb/d/d1/Ramoji_Film_City.jpg/800px-Ramoji_Film_City.jpg
Southern,Telangana,Hyderabad,Salar Jung Museum,Museum,1951,2,4.4,20,Yes,None,Historical,Yes,0.67,All,https://upload.wikimedia.org/wikipedia/commons/thumb/a/ac/Salar_Jung_Museum%2C_Hyderabad%2C_India.jpg/800px-Salar_Jung_Museum%2C_Hyderabad%2C_India.jpg
Southern,Telangana,Hyderabad,Qutb Shahi Tombs,Tombs,1600,1,4.4,25,Yes,None,Historical,Yes,0.2,Morning,https://upload.wikimedia.org/wikipedia/commons/0/08/Qutb_Shahi_Tomb_5.jpg
Southern,Telangana,Hyderabad,Chowmahalla Palace,Palace,1800,1.5,4.4,80,Yes,None,Historical,Yes,0.45,Morning,https://upload.wikimedia.org/wikipedia/commons/thumb/c/ce/Chowmahalla_Palace_01.jpg/800px-Chowmahalla_Palace_01.jpg
Eastern,West Bengal,Kolkata,Kalighat Kali Temple,Temple,1809,1,4.4,0,Yes,None,Religious,Yes,0.5,Morning,https://www.templepurohit.com/wp-content/uploads/2015/01/Kalighat-Kali-Temple-Kolkata.jpg
Eastern,West Bengal,Kolkata,Science City Kolkata,Science,1997,3,4.4,60,Yes,None,Educational,Yes,0.88,All,https://upload.wikimedia.org/wikipedia/commons/0/03/Science_City_Kolkata_4643.JPG
Eastern,West Bengal,Kolkata,Marble Palace,Palace,1835,1,4.4,0,Yes,None,Historical,Yes,0.1,Afternoon,https://upload.wikimedia.org/wikipedia/commons/thumb/8/84/Marble_Palace-_Kolkata-_West_Bengal-_DSC_0006.jpg/1200px-Marble_Palace-_Kolkata-_West_Bengal-_DSC_0006.jpg
Southern,Goa,Goa,Calangute Beach,Beach,Unknown,2,4.4,0,Yes,None,Scenic,Yes,0.26,Evening,https://s7ap1.scene7.com/is/image/incredibleindia/calangute-beach-goa-7-musthead-hero?qlt=82&ts=1726735078814
Southern,Goa,Goa,Anjuna Beach,Beach,Unknown,2,4.4,0,Yes,None,Scenic,Yes,0.18,Evening,https://upload.wikimedia.org/wikipedia/commons/thumb/c/cf/Anjuna_Beach%2C_Goa%2C_India%2C_Legendary_Curlies_beach_shack.jpg/640px-Anjuna_Beach%2C_Goa%2C_India%2C_Legendary_Curlies_beach_shack.jpg
Western,Gujarat,Vadodara,Laxmi Vilas Palace,Palace,1890,2,4.4,200,Yes,Monday,Historical,Yes,0.17,Afternoon,https://upload.wikimedia.org/wikipedia/commons/b/bd/LakshmiVilas_Palace.jpg
Western,Gujarat,Ahmedabad,Manek Chowk,Market,Unknown,2,4.4,0,Yes,None,Food,Yes,0.49,Night,https://upload.wikimedia.org/wikipedia/commons/9/9f/Manekchok.jpg
Western,Gujarat,Ahmedabad,Science City,Science,2002,7,4.4,500,Yes,Monday,Educational,Yes,0.11,All,https://assets.simpleviewinc.com/simpleview/image/upload/crm/overlandpark/15800061_1200678019970162_2078686735126305890_o0-e9440f315056a36_e944123e-5056-a36a-09c5cf0c57ceea63.jpg
Northern,Rajasthan,Jaipur,Hawa Mahal,Palace,1799,1,4.4,50,Yes,None,Architectural,Yes,1.3,Morning,https://upload.wikimedia.org/wikipedia/commons/4/41/East_facade_Hawa_Mahal_Jaipur_from_ground_level_%28July_2022%29_-_img_01.jpg
Northern,Rajasthan,Udaipur,City Palace,Palace,1559,2,4.4,300,Yes,None,Historical,Yes,0.51,All,https://upload.wikimedia.org/wikipedia/commons/a/a4/Chandra_Mahal%2C_City_Palace%2C_Jaipur%2C_20191218_0951_9043.jpg
Northern,Rajasthan,Jaisalmer,Jaisalmer Fort,Fort,1156,2.5,4.4,50,No,None,Historical,Yes,0.56,All,https://upload.wikimedia.org/wikipedia/commons/thumb/4/47/Jaisalmer_forteresse.jpg/1200px-Jaisalmer_forteresse.jpg
Northern,Rajasthan,Pushkar,Pushkar Lake,Temple,1400,1.5,4.4,0,No,None,Religious,Yes,1.6,All,https://upload.wikimedia.org/wikipedia/commons/c/c3/Evening_lights_by_the_Pushkar_Lake%2C_Pushkar.jpg
Southern,Kerala,Kochi,Fort Kochi,Site,1503,1,4.4,0,Yes,None,Historical,Yes,0.1,All,https://upload.wikimedia.org/wikipedia/commons/6/6e/Kochi%2C_Fishing_nets_at_sunset%2C_Kerala%2C_India.jpg
Southern,Kerala,Kovalam,Kovalam Beach,Beach,Unknown,2,4.4,0,Yes,None,Recreational,Yes,0.68,All,https://upload.wikimedia.org/wikipedia/commons/3/3c/Kovalam_beach_trivandrum_kerala.jpg
Southern,Kerala,Kannur,St. Angelo Fort,Fort,1505,1,4.4,20,Yes,None,Historical,Yes,0.11,All,https://upload.wikimedia.org/wikipedia/commons/6/65/Malta_-_Birgu_-_Fort_Saint_Angelo_%28Upper_Barrakka_Gardens%29_01_ies.jpg
Southern,Kerala,Kochi,Kerala Folklore Museum,Cultural,2009,1.5,4.4,100,Yes,Monday,Cultural,Yes,0.1,All,https://dynamic-media-cdn.tripadvisor.com/media/photo-o/25/17/1c/49/anthropology-and-ethnography.jpg?w=1200&h=1200&s=1
Southern,Karnataka,Bandipur,Bandipur National Park,National Park,1974,3,4.4,300,No,None,Wildlife,Yes,0.15,Morning,https://dynamic-media-cdn.tripadvisor.com/media/photo-o/0d/7c/47/ec/tiger-26-largejpg.jpg?w=1200&h=-1&s=1
Western,Maharastra,Pune,Shaniwar Wada,Fort,1732,2,4.4,50,Yes,None,Historical,Yes,1.2,All,https://upload.wikimedia.org/wikipedia/commons/thumb/d/d1/Shaniwar_wada_%28pune%29.jpg/1200px-Shaniwar_wada_%28pune%29.jpg
Western,Maharastra,Lonavala,Karla Caves,Cave,200,1.5,4.4,25,Yes,Yes,Historical,Yes,0.27,Afternoon,https://upload.wikimedia.org/wikipedia/commons/f/ff/Karla_caves_Chaitya.jpg
Western,Maharashtra,Satara,Kaas Plateau,Valley,Unknown,2,4.4,300,No,None,Nature,Yes,0.05,Afternoon,https://upload.wikimedia.org/wikipedia/commons/2/21/Kaas-7016.jpg
Western,Maharashtra,Matheran,Echo Point,Viewpoint,1828,1.5,4.4,0,Yes,None,Nature,Yes,0.02,Morning,https://dynamic-media-cdn.tripadvisor.com/media/photo-o/0a/fc/90/4a/viewing-platform-from.jpg?w=1200&h=-1&s=1
Central,Madhya Pradesh,Indore,Rajwada Palace,Palace,1747,1,4.4,10,Yes,None,Historical,Yes,0.63,Afternoon,https://upload.wikimedia.org/wikipedia/commons/e/e1/Indore_Rajwada01.jpg
Central,Madhya Pradesh,Amarkantak,Narmada Udgam Temple,Temple,1200,1,4.4,0,No,None,Religious,Yes,0.01,All,https://dynamic-media-cdn.tripadvisor.com/media/photo-o/0d/bb/f0/f6/photo.jpg?w=1200&h=-1&s=1
Central,Madhya Pradesh,Chitrakoot,Chitrakoot Falls,Waterfall,Unknown,1.5,4.4,0,No,None,Nature,Yes,0.1,Morning,https://upload.wikimedia.org/wikipedia/commons/9/91/Chitrakot_waterfalls.JPG
Northern,Himachal Pradesh,Chamba,Chamera Lake,Lake,Unknown,2,4.4,0,No,None,Recreational,Yes,0.01,Morning,https://dynamic-media-cdn.tripadvisor.com/media/photo-o/15/9f/79/82/chamera-lake-also-known.jpg?w=1200&h=-1&s=1
Northern,Himachal Pradesh,Kangra,Kangra Fort,Fort,400,2,4.4,150,Yes,None,Historical,Yes,0.1,All,https://upload.wikimedia.org/wikipedia/commons/f/f0/Kangra_Fort_%2CHimachal_Pradesh_06.jpg
Northern,Himachal Pradesh,Shoja,Serolsar Lake,Lake,Unknown,2.5,4.4,0,No,None,Nature,Yes,0.9,Morning,https://dynamic-media-cdn.tripadvisor.com/media/photo-o/0f/f9/d3/3f/lake.jpg?w=1200&h=-1&s=1
Northern,Uttarakhand,Rishikesh,Laxman Jhula,Suspension Bridge,1939,1,4.4,0,Yes,None,Cultural,Yes,0.03,Morning,https://upload.wikimedia.org/wikipedia/commons/7/75/Rishikesh-Lakshman_Jhula_by_Kaustubh_Nayyar.jpg
Northern,Uttarakhand,Jim Corbett,Jim Corbett National Park,National Park,1936,3,4.4,100,Yes,None,Wildlife,Yes,0.3,All,https://upload.wikimedia.org/wikipedia/commons/7/78/Bengal-Tiger_Corbett_Uttarakhand_Dec-2013.jpg
Central,Uttar Pradesh,Lucknow,Bara Imambara,Monument,1784,1.5,4.4,50,Yes,Monday,Historical,No,0.45,All,https://static.toiimg.com/thumb/103890956/Bara-Imambara.jpg?width=1200&height=900
Central,Uttar Pradesh,Jhansi,Jhansi Fort,Fort,1613,1.5,4.4,15,Yes,None,Historical,Yes,0.25,All,https://upload.wikimedia.org/wikipedia/commons/e/e8/Jhansi_Fort.jpg
Central,Uttar Pradesh,Fatehpur Sikri,Buland Darwaza,Monument,1571,2,4.4,40,Yes,None,Historical,Yes,0.07,Afternoon,https://upload.wikimedia.org/wikipedia/commons/thumb/b/b5/Fatehput_Sikiri_Buland_Darwaza_gate_2010.jpg/800px-Fatehput_Sikiri_Buland_Darwaza_gate_2010.jpg
Northern,Ladakh,Hemis,Hemis National Park,National Park,1981,4,4.4,20,No,None,Wildlife,Yes,0.02,All,https://upload.wikimedia.org/wikipedia/commons/thumb/1/14/13-10-08_217_CONFLUENCE_OF_INDUS_RIVER_N.jpg/1200px-13-10-08_217_CONFLUENCE_OF_INDUS_RIVER_N.jpg
Eastern,West Bengal,Siliguri,Jaldapara National Park,Wildlife Sanctuary,1941,3,4.4,250,Yes,None,Wildlife,Yes,0.035,All,https://upload.wikimedia.org/wikipedia/commons/f/f5/Elephant_safari.jpg
Eastern,West Bengal,Sundarbans,Sundarbans National Park,National Park,1984,4,4.4,60,No,None,Wildlife,Yes,0.065,All,https://upload.wikimedia.org/wikipedia/commons/thumb/2/23/Sundarban_Tiger.jpg/1200px-Sundarban_Tiger.jpg
Eastern,West Bengal,Jalpaiguri,Gorumara National Park,National Park,1949,3,4.4,100,Yes,None,Wildlife,Yes,0.07,All,https://upload.wikimedia.org/wikipedia/commons/1/1f/Gorumara_Gateway_Arnab_Dutta.JPG
Eastern,Odisha,Kendujhar,Sanaghagara Waterfall,Waterfall,Unknown,1,4.4,0,No,None,Nature,Yes,0.055,All,https://dynamic-media-cdn.tripadvisor.com/media/photo-o/08/72/da/1c/sanaghagara-waterfall.jpg?w=1200&h=1200&s=1
Southern,Andhra Pradesh,Kurnool,Belum Caves,Cave,Unknown,1.5,4.4,65,Yes,None,Natural Wonder,Yes,0.11,Afternoon,https://dynamic-media-cdn.tripadvisor.com/media/photo-o/11/1c/95/33/group-outing-belum-caves3.jpg?w=1200&h=-1&s=1
Southern,Andhra Pradesh,Guntur,Uppalapadu Bird Sanctuary,Bird Sanctuary,Unknown,1,4.4,10,Yes,None,Wildlife,Yes,0.7,All,https://dynamic-media-cdn.tripadvisor.com/media/photo-o/08/5f/02/90/uppalapadu-bird-sanctuary.jpg?w=1200&h=-1&s=1
North Eastern,Assam,Guwahati,Pobitora Wildlife Sanctuary,Wildlife Sanctuary,1987,2,4.4,500,Yes,None,Wildlife,Yes,0.037,All,https://upload.wikimedia.org/wikipedia/commons/8/82/Indian_Rhino_in_Pobitora.jpg
Southern,Andaman and Nicobar Islands,Baratang Island,Limestone Caves,Natural Feature,Unknown,1.5,4.4,250,No,None,Nature,Yes,0.015,Morning,https://media.australian.museum/media/dd/images/Ishigaki_ishigakijima_limestone_cave.8181618.width-800.6104bde.jpg
Eastern,Bihar,Patna,Budhha Smriti Park,Park,Unknown,1,4.4,10,Yes,None,Cultural,Yes,0.31,All,https://upload.wikimedia.org/wikipedia/commons/1/1a/Buddha_Smriti_Park.jpg
Northern,Haryana,Gurugram,Kingdom of Dreams,Entertainment,2010,3,4.4,1100,Yes,Monday,Entertainment,Yes,0.3,Afternoon,https://upload.wikimedia.org/wikipedia/commons/6/68/Culture_Gully_and_Nautanki_Mahal_auditorium%2C_Kingdom_of_Dreams%2C_Gurgaon.jpg
Northern,Rajasthan,Jaipur,City Palace,Palace,1727,2,4.4,200,Yes,None,Historical,Yes,0.51,Morning,https://upload.wikimedia.org/wikipedia/commons/a/a4/Chandra_Mahal%2C_City_Palace%2C_Jaipur%2C_20191218_0951_9043.jpg
Western,Maharastra,Mumbai,Sanjay Gandhi National Park,National Park,1996,3,4.3,50,Yes,Monday,Wildlife,Yes,0.6,All,https://upload.wikimedia.org/wikipedia/commons/thumb/3/30/Entrance_of_Sanjay_Gandhi_National_Park.JPG/284px-Entrance_of_Sanjay_Gandhi_National_Park.JPG
Western,Maharastra,Mumbai,Chowpatty Beach,Beach,Unknown,2,4.3,0,Yes,None,Recreational,Yes,0.05,Evening,https://media.tacdn.com/media/attractions-splice-spp-674x446/0b/18/a0/dc.jpg
Western,Maharastra,Mumbai,Essel World,Amusement Park,1986,5,4.3,1149,Yes,None,Recreational,Yes,0.27,All,https://upload.wikimedia.org/wikipedia/commons/thumb/9/9b/Thunder%2C_Esselworld.jpg/1200px-Thunder%2C_Esselworld.jpg
Western,Maharastra,Mumbai,Elephanta Caves,Monument,1987,4,4.3,550,Yes,None,Historical,Yes,0.35,All ,https://whc.unesco.org/uploads/thumbs/site_0244_0004-750-750-20100705114254.jpg
Southern,Telangana,Hyderabad,Hussain Sagar Lake,Lake,1563,1,4.3,0,Yes,None,Scenic,Yes,0.5,Evening,https://upload.wikimedia.org/wikipedia/commons/thumb/8/8a/Buddha_statue_11102016.jpg/270px-Buddha_statue_11102016.jpg
Eastern,West Bengal,Kolkata,Alipore Zoological Gardens,Zoo,1876,2,4.3,25,Yes,None,Wildlife,Yes,0.66,Afternoon,https://www.getbengal.com/uploads/story_image/Alipore-Zoo-Born.jpg
Southern,Goa,Goa,Colva Beach,Beach,Unknown,2,4.3,0,Yes,None,Scenic,Yes,0.1,Evening,https://upload.wikimedia.org/wikipedia/commons/0/06/Colv%C3%A1_beach.jpg
Southern,Kerala,Munnar,Munnar Tea Gardens,Scenic Area,Unknown,2,4.3,0,No,None,Nature,Yes,0.3,All,https://dynamic-media-cdn.tripadvisor.com/media/photo-o/12/e9/52/a2/sunset-at-tata-tea-gardens.jpg?w=900&h=500&s=1
Southern,Kerala,Thekkady,Periyar National Park,National Park,1982,3,4.3,50,No,None,Wildlife,Yes,0.14,All,https://upload.wikimedia.org/wikipedia/commons/thumb/6/66/Periyar_National_Park.JPG/800px-Periyar_National_Park.JPG
Northern,Uttarakhand,Almora,Binsar Wildlife Sanctuary,Wildlife Sanctuary,1988,2,4.3,150,No,None,Wildlife,Yes,0.01,All,https://dynamic-media-cdn.tripadvisor.com/media/photo-o/0d/07/0b/38/the-road-takes-you-deeper.jpg?w=1200&h=1200&s=1
Central,Uttar Pradesh,Noida,Okhla Bird Sanctuary,Bird Sanctuary,1990,1.5,4.3,30,Yes,None,Wildlife,Yes,0.035,All,https://upload.wikimedia.org/wikipedia/commons/0/0b/Okhla_bird_sanctuary_Entrance.jpeg
Northern,Jammu and Kashmir,Kishtwar,Kishtwar National Park,National Park,1981,3,4.3,100,No,None,Wildlife,Yes,0.01,All,https://upload.wikimedia.org/wikipedia/commons/0/0b/Sunrise_in_Kishtwar_National_Park%2C_Jammu_and_Kashmir%2C_India.jpg
Eastern,Odisha,Keonjhar,Badaghagara Waterfall,Waterfall,Unknown,1,4.3,0,No,None,Nature,Yes,0.018,Morning,https://upload.wikimedia.org/wikipedia/commons/5/55/Badaghagara_Kendujhar.jpg
Southern,Andhra Pradesh,Rajahmundry,Papikondalu,Hill,Unknown,2,4.3,0,Yes,None,Nature,Yes,0.032,All,https://papikondalu.net.in/assets/images/papikondalu-tour-1200x800.jpg
Eastern,Sikkim,Gangtok,Nathula Pass,Hill,Unknown,2,4.3,20,Yes,None,Historical,Yes,0.15,Afternoon,https://dynamic-media-cdn.tripadvisor.com/media/photo-o/02/3c/94/7e/pass-of-listening-ears.jpg?w=900&h=500&s=1
Eastern,Bihar,Patna,Sanjay Gandhi Biological Park,Zoo,Unknown,2.5,4.3,30,Yes,None,Wildlife,Yes,0.5,All,https://upload.wikimedia.org/wikipedia/commons/thumb/f/f1/Sanjay_Gandhi_Jaivik_Udyan.jpg/1200px-Sanjay_Gandhi_Jaivik_Udyan.jpg
Northern,Delhi,Delhi,Jantar Mantar,Observatory,1724,2,4.2,15,Yes,None,Scientific,Yes,0.31,Morning,https://upload.wikimedia.org/wikipedia/commons/b/b8/Jantar_Mantar%2C_New_Delhi_%28Misra_Yantra%29.jpg
Northern,Delhi,Delhi,Chandni Chowk,Market,1700,3,4.2,0,Yes,Sunday,Market,Yes,0.25,Afternoon,"https://media.cnn.com/api/v1/images/stellar/prod/gurudwara-sis-ganj-and-the-golden-mosque-next-to-it.jpg?c=16x9&q=h_833,w_1480,c_fill"
Northern,Delhi,Delhi,Agrasen ki Baoli,Stepwell,1400,1,4.2,0,Yes,None,Historical,Yes,0.41,Afternoon,https://upload.wikimedia.org/wikipedia/commons/thumb/c/cc/Agrasen_ki_Baoli%2C_New_Delhi%2C_India_-_20070127.jpg/800px-Agrasen_ki_Baoli%2C_New_Delhi%2C_India_-_20070127.jpg
Southern,Karnataka,Bangalore,Bangalore Palace,Palace,1878,2,4.2,500,Yes,Monday,Historical,Yes,0.9,Morning,https://upload.wikimedia.org/wikipedia/commons/8/8f/Bangalore_Mysore_Maharaja_Palace.jpg
Southern,Telangana,Hyderabad,Nehru Zoological Park,Zoo,1963,3,4.2,50,Yes,None,Wildlife,Yes,0.86,Morning,https://dynamic-media-cdn.tripadvisor.com/media/photo-o/09/51/16/34/nehru-zoological-park.jpg?w=1200&h=-1&s=1
Southern,Goa,Goa,Fort Aguada,Fort,1612,1.5,4.2,0,Yes,None,Historical,Yes,0.95,Morning,https://upload.wikimedia.org/wikipedia/commons/a/ad/Fort_aguada.jpg
Southern,Goa,Goa,Chapora Fort,Fort,1617,1,4.2,0,Yes,None,Historical,Yes,0.19,Evening,https://upload.wikimedia.org/wikipedia/commons/3/35/Fort_Chapora_26012016.jpg
Southern,Goa,Goa,Miramar Beach,Beach,Unknown,1.5,4.2,0,Yes,None,Scenic,Yes,0.3,Evening,https://www.beachblueproperties.com/wp-content/uploads/2024/03/miramar_beach_shutterstock-1350x900.jpg
Western,Maharastra,Alibaug,Alibaug Beach,Beach,Unknown,1.5,4.2,0,Yes,None,Recreational,Yes,0.05,Evening,https://dynamic-media-cdn.tripadvisor.com/media/photo-o/0e/46/6b/0a/alibaug.jpg?w=1200&h=-1&s=1
Northern,Uttarakhand,Nainital,Naini Lake,Lake,Unknown,1.5,4.2,0,Yes,None,Nature,Yes,0.01,Morning,https://upload.wikimedia.org/wikipedia/commons/2/28/The_Boat_and_The_Lake.jpg
Northern,Uttarakhand,Mussoorie,Kempty Falls,Waterfall,Unknown,1.5,4.2,15,Yes,None,Nature,Yes,0.55,Morning,https://www.justahotels.com/wp-content/uploads/2024/03/kempty-falls-scaled.jpeg
Central,Uttar Pradesh,Kanpur,Allen Forest Zoo,Zoo,1971,2,4.2,150,Yes,Monday,Wildlife,Yes,0.21,All,https://upload.wikimedia.org/wikipedia/commons/d/d0/Oskanpur-2.jpg
Eastern,Odisha,Balasore,Chandipur Beach,Beach,Unknown,1.5,4.2,0,Yes,None,Recreational,Yes,0.014,Morning,https://static.toiimg.com/photo/47121490.cms
Southern,Tamil Nadu,Yercaud,Yercaud Lake,Lake,Unknown,1,4.2,0,No,None,Recreational,Yes,0.019,Morning,https://dynamic-media-cdn.tripadvisor.com/media/photo-o/11/13/4d/52/20171022120346-img-1018.jpg?w=1200&h=-1&s=1
Northern,Delhi,Delhi,Waste to Wonder Park,Theme Park,2019,2,4.1,50,Yes,Monday,Environmental,Yes,0.27,Evening,https://dynamic-media-cdn.tripadvisor.com/media/photo-o/16/aa/20/2c/made-by-cupboard-sheets.jpg?w=1200&h=-1&s=1
Northern,Delhi,Delhi,Garden of Five Senses,Park,2003,2,4.1,35,Yes,None,Botanical,Yes,0.23,Morning,https://dynamic-media-cdn.tripadvisor.com/media/photo-o/15/32/8b/e9/nipunsagarofficial-5.jpg?w=1200&h=-1&s=1
Southern,Telangana,Hyderabad,Lumbini Park,Park,1994,1,4.1,20,Yes,None,Recreational,Yes,0.73,Evening,https://upload.wikimedia.org/wikipedia/commons/c/c2/Lumbini_Park%2C_Hyderabad.jpg
Eastern,West Bengal,Kolkata,Eden Gardens,Cricket Ground,1864,3,4.1,2500,Yes,None,Sports,Yes,0.1,All,https://upload.wikimedia.org/wikipedia/commons/7/73/%E0%A6%87%E0%A6%A1%E0%A7%87%E0%A6%A8_%E0%A6%97%E0%A6%BE%E0%A6%B0%E0%A7%8D%E0%A6%A1%E0%A7%87%E0%A6%A8%E0%A7%87_%E0%A6%AC%E0%A6%BE%E0%A6%82%E0%A6%B2%E0%A6%BE%E0%A6%A6%E0%A7%87%E0%A6%B6_%E0%A6%93_%E0%A6%AA%E0%A6%BE%E0%A6%95%E0%A6%BF%E0%A6%B8%E0%A7%8D%E0%A6%A4%E0%A6%BE%E0%A6%A8%E0%A7%87%E0%A6%B0_%E0%A6%96%E0%A7%87%E0%A6%B2%E0%A6%BE_%E0%A7%AB.jpg
Southern,Karnataka,Coorg,Abbey Falls,Waterfall,Unknown,1,4.1,0,No,None,Nature,Yes,0.03,Morning,https://upload.wikimedia.org/wikipedia/commons/7/7a/Abbey_Falls_New.jpg
Western,Maharastra,Nashik,Sula Vineyards,Vineyard,1999,2,4.1,300,Yes,None,Recreational,Yes,0.1,Afternoon,https://dynamic-media-cdn.tripadvisor.com/media/photo-o/1a/3f/8e/3d/a-view-from-the-vineyards.jpg?w=1200&h=-1&s=1
Northern,Himachal Pradesh,Manali,Solang Valley,Valley,Unknown,2,4.1,0,No,None,Adventure,Yes,0.05,Morning,https://dynamic-media-cdn.tripadvisor.com/media/photo-o/0c/b2/79/37/solang-valley-manali.jpg?w=1200&h=-1&s=1
Central,Uttar Pradesh,Aligarh,Aligarh Fort,Fort,1524,1,4.1,20,Yes,None,Historical,Yes,0.0165,Afternoon,https://upload.wikimedia.org/wikipedia/commons/7/74/Aligarh_fort%2C_Aligarh.jpg
Northern,Jammu and Kashmir,Udhampur,Patnitop Height,Hill,Unknown,2,4.1,0,No,None,Recreational,Yes,0.01,All,https://r2imghtlak.mmtcdn.com/r2-mmt-htl-image/htl-imgs/201301031541242571-104aecda4fbc11e9a5c70242ac110003.jpg
Central,Uttar Pradesh,Mathura,Nand Gaon,Village,Unknown,1,4.1,0,Yes,None,Cultural,Yes,0.01,Morning,https://dynamic-media-cdn.tripadvisor.com/media/photo-o/27/a5/1d/8d/nandgaon-temple.jpg?w=900&h=500&s=1
Southern,Tamil Nadu,Ooty,Ooty Lake,Lake,1824,1,4.1,10,Yes,None,Recreational,Yes,0.61,Morning,https://dynamic-media-cdn.tripadvisor.com/media/photo-o/11/72/6e/a0/ooty-lake.jpg?w=1200&h=1200&s=1
North Eastern,Assam,Guwahati,Umananda Island,Island,Unknown,1,4.1,0,Yes,None,Nature,Yes,0.01,Morning,https://upload.wikimedia.org/wikipedia/commons/4/4b/Umananda_Island%2C_Guwahati_%284%29.jpg
Southern,Puducherry,Auroville,Auroville,Township,1968,2,4.1,0,Yes,None,Cultural,Yes,0.035,All,https://upload.wikimedia.org/wikipedia/commons/thumb/c/c2/Auroville.JPG/1200px-Auroville.JPG
Northern,Uttarakhand,Ranikhet,Chaubatia Gardens,Orchard,1868,1,4,50,No,None,Recreational,Yes,0.025,All,https://static.toiimg.com/photo/59142289.cms
Southern,Kerala,Kozhikode,Kozhikode Beach,Beach,Unknown,1.5,3.9,0,Yes,None,Recreational,Yes,0.059,All,https://www.keralatourism.org/_next/image/?url=http%3A%2F%2F127.0.0.1%2Fktadmin%2Fimg%2Fpages%2Fmobile%2Fkozhikode-beach-1724136273_4f4e219404e64aa92290.webp&w=3840&q=75
Central,Madhya Pradesh,Mandu,Jahaz Mahal,Site,1500,1,3.9,50,No,None,Historical,Yes,0.03,Afternoon,https://upload.wikimedia.org/wikipedia/commons/thumb/f/f7/Front_view_of_Jahaz_Mahal%2C_Mehrauli.jpg/1200px-Front_view_of_Jahaz_Mahal%2C_Mehrauli.jpg
Eastern,Odisha,Chilika,Chilika Lake,Lake,Unknown,2,3.9,0,Yes,None,Nature,Yes,0.1,Morning,https://upload.wikimedia.org/wikipedia/commons/thumb/9/94/Birds_eyeview_of_Chilika_Lake.jpg/640px-Birds_eyeview_of_Chilika_Lake.jpg
Southern,Tamil Nadu,Chennai,Marina Beach,Beach,Unknown,1.5,3.9,0,Yes,None,Recreational,Yes,0.1,Morning,https://upload.wikimedia.org/wikipedia/commons/d/d9/Chennai_-_bird%27s-eye_view.jpg
Southern,Tamil Nadu,Kodaikanal,Kodaikanal Lake,Lake,1863,2,3.9,0,No,None,Recreational,Yes,0.1,Morning,https://upload.wikimedia.org/wikipedia/commons/c/c4/Kodaikanal_lake.jpg
Southern,Kerala,Kumarakom,Kumarakom Bird Sanctuary,Bird Sanctuary,1972,2,3.8,50,Yes,None,Wildlife,Yes,0.1,All,https://dynamic-media-cdn.tripadvisor.com/media/photo-o/0d/33/ab/f4/les-sentiers.jpg?w=1200&h=-1&s=1
Northern,Himachal Pradesh,Kufri,Kufri Fun World,Ski Resort,1975,5,3.8,1500,Yes,None,Recreational,Yes,0.1,All,https://i.ytimg.com/vi/W_7-8Bx9_Wk/maxresdefault.jpg
Northern,Ladakh,Leh,Magnetic Hill,Gravity Hill,Unknown,0.5,3.7,0,Yes,None,Nature,Yes,0.1,All,https://upload.wikimedia.org/wikipedia/commons/4/45/Magnetic_Hill%2C_Leh.jpg
Western,Maharastra,Lonavala,Imagicaa,Amusement Park,2013,5,1.4,1149,No,Monday,Recreational,Yes,0.95,All,https://upload.wikimedia.org/wikipedia/commons/thumb/3/39/Adlabs_Imagica_2013_%2810364145606%29.jpg/1200px-Adlabs_Imagica_2013_%2810364145606%29.jpg
