Destination Name,State,Region,Category,Popular Attraction,Accessibility,Best Season
Mehrangarh Fort,Rajasthan,North,Historical,Fort,Moderate,Monsoon
Kaziranga National Park,Assam,Northeast,Wildlife,National Park,Easy,Monsoon
Baga Beach,Goa,West,Beach,Beach,Moderate,Monsoon
Dwarkadhish Temple,Gujarat,West,Religious,Temple,Moderate,Winter
Calangute Beach,Goa,West,Beach,Beach,Easy,Winter
India Gate,Delhi,North,Historical,Monument,Easy,Monsoon
Tirupati Balaji Temple,Andhra Pradesh,South,Religious,Temple,Moderate,Summer
Radhanagar Beach,Andaman and Nicobar Islands,Islands,Beach,Beach,Difficult,Monsoon
Chilika Lake,Odisha,East,Nature,Lake,Easy,All Season
Kohima War Cemetery,Nagaland,Northeast,Historical,Monument,Easy,Winter
Cherrapunji,Meghalaya,Northeast,Nature,Waterfall Region,Difficult,Winter
Periyar Wildlife Sanctuary,Kerala,South,Wildlife,Sanctuary,Difficult,Summer
Statue of Unity,Gujarat,West,Historical,Monument,Easy,Winter
Gulmarg,Jammu and Kashmir,North,Adventure,Hill Station,Easy,Summer
Rock Garden,Chandigarh,North,Nature,Garden,Difficult,Monsoon
Tawang Monastery,Arunachal Pradesh,Northeast,Religious,Monastery,Difficult,Summer
Rann of Kutch,Gujarat,West,Nature,Salt Desert,Moderate,Summer
Kaziranga National Park,Assam,Northeast,Wildlife,National Park,Moderate,Summer
Taj Mahal,Uttar Pradesh,North,Historical,Monument,Difficult,Summer
Sanchi Stupa,Madhya Pradesh,Central,Historical,Monument,Difficult,Summer
Araku Valley,Andhra Pradesh,South,Nature,Valley,Difficult,Winter
Chitrakote Falls,Chhattisgarh,Central,Nature,Waterfall,Moderate,All Season
Kamakhya Temple,Assam,Northeast,Religious,Temple,Difficult,Monsoon
Amber Fort,Rajasthan,North,Historical,Fort,Easy,Summer
Solang Valley,Himachal Pradesh,North,Adventure,Valley,Moderate,All Season
Loktak Lake,Manipur,Northeast,Nature,Lake,Difficult,Winter
Qutub Minar,Delhi,North,Historical,Monument,Moderate,All Season
Kedarnath Temple,Uttarakhand,North,Religious,Temple,Easy,Monsoon
Nalanda Ruins,Bihar,East,Historical,Monument,Easy,Winter
Mehrangarh Fort,Rajasthan,North,Historical,Fort,Difficult,Monsoon
Gulmarg,Jammu and Kashmir,North,Adventure,Hill Station,Difficult,All Season
Cellular Jail,Andaman and Nicobar Islands,Islands,Historical,Monument,Easy,Winter
Gulmarg,Jammu and Kashmir,North,Adventure,Hill Station,Moderate,Summer
Jaisalmer Fort,Rajasthan,North,Historical,Fort,Difficult,Winter
Sanchi Stupa,Madhya Pradesh,Central,Historical,Monument,Moderate,Winter
Hampi,Karnataka,South,Historical,Monument,Moderate,All Season
Agra Fort,Uttar Pradesh,North,Historical,Fort,Moderate,Winter
Varkala Beach,Kerala,South,Beach,Beach,Moderate,Monsoon
Meenakshi Temple,Tamil Nadu,South,Religious,Temple,Difficult,Summer
Tirupati Balaji Temple,Andhra Pradesh,South,Religious,Temple,Difficult,All Season
Jog Falls,Karnataka,South,Nature,Waterfall,Difficult,Monsoon
Marine Drive,Maharashtra,West,Nature,Sea Promenade,Moderate,Monsoon
Taj Mahal,Uttar Pradesh,North,Historical,Monument,Difficult,Monsoon
Sukhna Lake,Chandigarh,North,Nature,Lake,Easy,All Season
Tawang Monastery,Arunachal Pradesh,Northeast,Religious,Monastery,Easy,Winter
Khajuraho Temples,Madhya Pradesh,Central,Historical,Temple,Easy,Monsoon
Ziro Valley,Arunachal Pradesh,Northeast,Nature,Valley,Moderate,Winter
Konark Sun Temple,Odisha,East,Historical,Temple,Difficult,Winter
Dwarkadhish Temple,Gujarat,West,Religious,Temple,Moderate,Summer
Meenakshi Temple,Tamil Nadu,South,Religious,Temple,Moderate,Summer
Gir National Park,Gujarat,West,Wildlife,National Park,Difficult,All Season
Ooty,Tamil Nadu,South,Nature,Hill Station,Moderate,Monsoon
Jog Falls,Karnataka,South,Nature,Waterfall,Easy,Summer
Marine Drive,Maharashtra,West,Nature,Sea Promenade,Difficult,All Season
Marine Drive,Maharashtra,West,Nature,Sea Promenade,Moderate,Winter
Ujjayanta Palace,Tripura,Northeast,Historical,Palace,Easy,Summer
Periyar Wildlife Sanctuary,Kerala,South,Wildlife,Sanctuary,Difficult,Monsoon
Calangute Beach,Goa,West,Beach,Beach,Easy,All Season
India Gate,Delhi,North,Historical,Monument,Moderate,Monsoon
Sundarbans National Park,West Bengal,East,Wildlife,National Park,Easy,Winter
Pahalgam,Jammu and Kashmir,North,Nature,Valley,Difficult,Monsoon
Kanger Valley National Park,Chhattisgarh,Central,Wildlife,National Park,Difficult,Monsoon
Mysore Palace,Karnataka,South,Historical,Palace,Easy,Summer
Bhimbetka Rock Shelters,Madhya Pradesh,Central,Historical,Cave,Difficult,Monsoon
Ooty,Tamil Nadu,South,Nature,Hill Station,Easy,Winter
Konark Sun Temple,Odisha,East,Historical,Temple,Easy,All Season
Golconda Fort,Telangana,South,Historical,Fort,Moderate,Summer
Kaziranga National Park,Assam,Northeast,Wildlife,National Park,Easy,Winter
Ramoji Film City,Telangana,South,Entertainment,Theme Park,Moderate,Summer
Red Fort,Delhi,North,Historical,Fort,Moderate,All Season
Vaishno Devi Temple,Jammu and Kashmir,North,Religious,Temple,Easy,Monsoon
Ramoji Film City,Telangana,South,Entertainment,Theme Park,Moderate,Winter
Kedarnath Temple,Uttarakhand,North,Religious,Temple,Difficult,All Season
Khajuraho Temples,Madhya Pradesh,Central,Historical,Temple,Moderate,Monsoon
Kanger Valley National Park,Chhattisgarh,Central,Wildlife,National Park,Moderate,Monsoon
Tawang Monastery,Arunachal Pradesh,Northeast,Religious,Monastery,Moderate,Winter
Cherrapunji,Meghalaya,Northeast,Nature,Waterfall Region,Moderate,Monsoon
Rock Garden,Chandigarh,North,Nature,Garden,Easy,Monsoon
Charminar,Telangana,South,Historical,Monument,Easy,All Season
Amber Fort,Rajasthan,North,Historical,Fort,Difficult,All Season
Varanasi Ghats,Uttar Pradesh,North,Religious,Riverfront,Difficult,Winter
Ajanta Caves,Maharashtra,West,Historical,Cave,Difficult,Summer
Alleppey Backwaters,Kerala,South,Nature,Backwaters,Moderate,Summer
Amber Fort,Rajasthan,North,Historical,Fort,Easy,Monsoon
Fatehpur Sikri,Uttar Pradesh,North,Historical,Monument,Easy,All Season
Mysore Palace,Karnataka,South,Historical,Palace,Easy,Monsoon
Rann of Kutch,Gujarat,West,Nature,Salt Desert,Difficult,Summer
Borra Caves,Andhra Pradesh,South,Nature,Cave,Easy,Summer
Gulmarg,Jammu and Kashmir,North,Adventure,Hill Station,Moderate,Monsoon
Gangtok,Sikkim,Northeast,Nature,Hill City,Moderate,Summer
Tawang Monastery,Arunachal Pradesh,Northeast,Religious,Monastery,Easy,All Season
Mysore Palace,Karnataka,South,Historical,Palace,Difficult,Winter
Alleppey Backwaters,Kerala,South,Nature,Backwaters,Moderate,Monsoon
Baga Beach,Goa,West,Beach,Beach,Easy,All Season
Kodaikanal,Tamil Nadu,South,Nature,Hill Station,Difficult,Monsoon
Marina Beach,Tamil Nadu,South,Beach,Beach,Difficult,All Season
Dudhsagar Waterfalls,Goa,West,Nature,Waterfall,Difficult,Winter
Hundru Falls,Jharkhand,East,Nature,Waterfall,Moderate,Winter
Bandipur National Park,Karnataka,South,Wildlife,National Park,Difficult,All Season
Rohtang Pass,Himachal Pradesh,North,Adventure,Mountain Pass,Easy,Summer
Bangaram Island,Lakshadweep,Islands,Beach,Island,Easy,Winter
Dwarkadhish Temple,Gujarat,West,Religious,Temple,Difficult,Monsoon
Dal Lake,Jammu and Kashmir,North,Nature,Lake,Moderate,All Season
Solang Valley,Himachal Pradesh,North,Adventure,Valley,Moderate,Monsoon
Tsomgo Lake,Sikkim,Northeast,Nature,Lake,Moderate,Winter
Ujjayanta Palace,Tripura,Northeast,Historical,Palace,Moderate,All Season
Mahabaleshwar,Maharashtra,West,Nature,Hill Station,Difficult,Winter
Konark Sun Temple,Odisha,East,Historical,Temple,Moderate,All Season
Kaziranga National Park,Assam,Northeast,Wildlife,National Park,Moderate,Monsoon
Mehrangarh Fort,Rajasthan,North,Historical,Fort,Easy,Summer
Cherrapunji,Meghalaya,Northeast,Nature,Waterfall Region,Difficult,Summer
Sarnath,Uttar Pradesh,North,Religious,Monument,Moderate,Winter
Kanha National Park,Madhya Pradesh,Central,Wildlife,National Park,Moderate,Winter
Araku Valley,Andhra Pradesh,South,Nature,Valley,Easy,Monsoon
Solang Valley,Himachal Pradesh,North,Adventure,Valley,Moderate,Winter
Tirupati Balaji Temple,Andhra Pradesh,South,Religious,Temple,Moderate,Monsoon
Chilika Lake,Odisha,East,Nature,Lake,Easy,Summer
Somnath Temple,Gujarat,West,Religious,Temple,Easy,Winter
Rohtang Pass,Himachal Pradesh,North,Adventure,Mountain Pass,Difficult,Monsoon
Shimla,Himachal Pradesh,North,Nature,Hill Station,Easy,Winter
Jaisalmer Fort,Rajasthan,North,Historical,Fort,Easy,All Season
Shimla,Himachal Pradesh,North,Nature,Hill Station,Easy,Summer
Dudhsagar Waterfalls,Goa,West,Nature,Waterfall,Easy,Winter
Jaisalmer Fort,Rajasthan,North,Historical,Fort,Difficult,All Season
Nalanda Ruins,Bihar,East,Historical,Monument,Difficult,Summer
Fatehpur Sikri,Uttar Pradesh,North,Historical,Monument,Moderate,Winter
Rock Garden,Chandigarh,North,Nature,Garden,Difficult,Summer
Kanha National Park,Madhya Pradesh,Central,Wildlife,National Park,Moderate,Monsoon
Charminar,Telangana,South,Historical,Monument,Easy,Winter
Sarnath,Uttar Pradesh,North,Religious,Monument,Easy,Winter
Meenakshi Temple,Tamil Nadu,South,Religious,Temple,Difficult,All Season
Mysore Palace,Karnataka,South,Historical,Palace,Difficult,Monsoon
Borra Caves,Andhra Pradesh,South,Nature,Cave,Difficult,Summer
Coorg,Karnataka,South,Nature,Hill Station,Easy,Monsoon
Kaziranga National Park,Assam,Northeast,Wildlife,National Park,Difficult,Summer
Kedarnath Temple,Uttarakhand,North,Religious,Temple,Moderate,All Season
Fatehpur Sikri,Uttar Pradesh,North,Historical,Monument,Moderate,Monsoon
Coorg,Karnataka,South,Nature,Hill Station,Moderate,Winter
Khajuraho Temples,Madhya Pradesh,Central,Historical,Temple,Easy,Winter
Alleppey Backwaters,Kerala,South,Nature,Backwaters,Easy,Summer
Amber Fort,Rajasthan,North,Historical,Fort,Difficult,Monsoon
Badrinath Temple,Uttarakhand,North,Religious,Temple,Moderate,Monsoon
Manali,Himachal Pradesh,North,Nature,Hill Station,Difficult,Winter
Mysore Palace,Karnataka,South,Historical,Palace,Moderate,Summer
Ujjayanta Palace,Tripura,Northeast,Historical,Palace,Easy,Winter
Dudhsagar Waterfalls,Goa,West,Nature,Waterfall,Easy,Monsoon
Rohtang Pass,Himachal Pradesh,North,Adventure,Mountain Pass,Moderate,Summer
Shirdi Temple,Maharashtra,West,Religious,Temple,Moderate,Winter
Kanger Valley National Park,Chhattisgarh,Central,Wildlife,National Park,Difficult,All Season
Borra Caves,Andhra Pradesh,South,Nature,Cave,Difficult,All Season
Chilika Lake,Odisha,East,Nature,Lake,Moderate,Monsoon
Mehrangarh Fort,Rajasthan,North,Historical,Fort,Difficult,Winter
Dal Lake,Jammu and Kashmir,North,Nature,Lake,Moderate,Summer
Brihadeeswarar Temple,Tamil Nadu,South,Religious,Temple,Easy,Winter
Sanchi Stupa,Madhya Pradesh,Central,Historical,Monument,Easy,All Season
Ajanta Caves,Maharashtra,West,Historical,Cave,Difficult,All Season
Charminar,Telangana,South,Historical,Monument,Difficult,Winter
Ziro Valley,Arunachal Pradesh,Northeast,Nature,Valley,Easy,Monsoon
Marina Beach,Tamil Nadu,South,Beach,Beach,Easy,Summer
India Gate,Delhi,North,Historical,Monument,Difficult,Summer
Chilika Lake,Odisha,East,Nature,Lake,Moderate,Winter
Agra Fort,Uttar Pradesh,North,Historical,Fort,Easy,Monsoon
Munnar,Kerala,South,Nature,Hill Station,Difficult,Monsoon
Gir National Park,Gujarat,West,Wildlife,National Park,Moderate,All Season
Marine Drive,Maharashtra,West,Nature,Sea Promenade,Easy,Monsoon
Somnath Temple,Gujarat,West,Religious,Temple,Difficult,Summer
Tirupati Balaji Temple,Andhra Pradesh,South,Religious,Temple,Difficult,Monsoon
Rishikesh,Uttarakhand,North,Adventure,Riverfront,Moderate,Monsoon
Cherrapunji,Meghalaya,Northeast,Nature,Waterfall Region,Moderate,All Season
Jaisalmer Fort,Rajasthan,North,Historical,Fort,Moderate,Winter
Ellora Caves,Maharashtra,West,Historical,Cave,Difficult,Winter
Loktak Lake,Manipur,Northeast,Nature,Lake,Easy,All Season
Golconda Fort,Telangana,South,Historical,Fort,Easy,Monsoon
Tirupati Balaji Temple,Andhra Pradesh,South,Religious,Temple,Difficult,Summer
Bhimbetka Rock Shelters,Madhya Pradesh,Central,Historical,Cave,Easy,Monsoon
Nalanda Ruins,Bihar,East,Historical,Monument,Easy,Summer
Kaziranga National Park,Assam,Northeast,Wildlife,National Park,Difficult,Monsoon
Marine Drive,Maharashtra,West,Nature,Sea Promenade,Easy,Winter
Loktak Lake,Manipur,Northeast,Nature,Lake,Moderate,Winter
Munnar,Kerala,South,Nature,Hill Station,Easy,Monsoon
Shirdi Temple,Maharashtra,West,Religious,Temple,Difficult,Winter
Bandipur National Park,Karnataka,South,Wildlife,National Park,Difficult,Winter
Varkala Beach,Kerala,South,Beach,Beach,Easy,All Season
Vaishno Devi Temple,Jammu and Kashmir,North,Religious,Temple,Difficult,Summer
Rohtang Pass,Himachal Pradesh,North,Adventure,Mountain Pass,Easy,All Season
Kedarnath Temple,Uttarakhand,North,Religious,Temple,Easy,Winter
Dal Lake,Jammu and Kashmir,North,Nature,Lake,Moderate,Monsoon
Pahalgam,Jammu and Kashmir,North,Nature,Valley,Difficult,All Season
Amber Fort,Rajasthan,North,Historical,Fort,Easy,All Season
Kanger Valley National Park,Chhattisgarh,Central,Wildlife,National Park,Easy,All Season
Kamakhya Temple,Assam,Northeast,Religious,Temple,Easy,Monsoon
Radhanagar Beach,Andaman and Nicobar Islands,Islands,Beach,Beach,Difficult,All Season
Rohtang Pass,Himachal Pradesh,North,Adventure,Mountain Pass,Moderate,Monsoon
Darjeeling,West Bengal,East,Nature,Hill Station,Moderate,Monsoon
Jog Falls,Karnataka,South,Nature,Waterfall,Easy,Monsoon
Coorg,Karnataka,South,Nature,Hill Station,Moderate,Summer
Sanchi Stupa,Madhya Pradesh,Central,Historical,Monument,Difficult,All Season
Ziro Valley,Arunachal Pradesh,Northeast,Nature,Valley,Moderate,All Season
Hawa Mahal,Rajasthan,North,Historical,Monument,Moderate,Summer
Coorg,Karnataka,South,Nature,Hill Station,Difficult,Winter
Agra Fort,Uttar Pradesh,North,Historical,Fort,Moderate,Summer
Dwarkadhish Temple,Gujarat,West,Religious,Temple,Easy,All Season
Agra Fort,Uttar Pradesh,North,Historical,Fort,Difficult,Winter
Alleppey Backwaters,Kerala,South,Nature,Backwaters,Difficult,All Season
Valley of Flowers National Park,Uttarakhand,North,Nature,National Park,Difficult,Monsoon
Munnar,Kerala,South,Nature,Hill Station,Moderate,Winter
Ramoji Film City,Telangana,South,Entertainment,Theme Park,Difficult,Monsoon
Pahalgam,Jammu and Kashmir,North,Nature,Valley,Easy,Monsoon
Hawa Mahal,Rajasthan,North,Historical,Monument,Difficult,Summer
Ooty,Tamil Nadu,South,Nature,Hill Station,Difficult,Summer
Mysore Palace,Karnataka,South,Historical,Palace,Difficult,Summer
Varkala Beach,Kerala,South,Beach,Beach,Difficult,Monsoon
Chilika Lake,Odisha,East,Nature,Lake,Easy,Winter
Pahalgam,Jammu and Kashmir,North,Nature,Valley,Moderate,All Season
Qutub Minar,Delhi,North,Historical,Monument,Difficult,Summer
Cellular Jail,Andaman and Nicobar Islands,Islands,Historical,Monument,Difficult,Monsoon
Solang Valley,Himachal Pradesh,North,Adventure,Valley,Difficult,Monsoon
Kaziranga National Park,Assam,Northeast,Wildlife,National Park,Moderate,All Season
Gateway of India,Maharashtra,West,Historical,Monument,Easy,All Season
Chilika Lake,Odisha,East,Nature,Lake,Moderate,Summer
Dudhsagar Waterfalls,Goa,West,Nature,Waterfall,Difficult,All Season
Coorg,Karnataka,South,Nature,Hill Station,Easy,Winter
Mahabaleshwar,Maharashtra,West,Nature,Hill Station,Difficult,Summer
Brihadeeswarar Temple,Tamil Nadu,South,Religious,Temple,Moderate,Monsoon
Baga Beach,Goa,West,Beach,Beach,Moderate,Winter
Kanger Valley National Park,Chhattisgarh,Central,Wildlife,National Park,Difficult,Summer
Golconda Fort,Telangana,South,Historical,Fort,Easy,All Season
Sundarbans National Park,West Bengal,East,Wildlife,National Park,Easy,Monsoon
Mahabodhi Temple,Bihar,East,Religious,Temple,Difficult,Monsoon
Sabarimala Temple,Kerala,South,Religious,Temple,Moderate,Summer
Calangute Beach,Goa,West,Beach,Beach,Difficult,Winter
Fatehpur Sikri,Uttar Pradesh,North,Historical,Monument,Moderate,Summer
Golconda Fort,Telangana,South,Historical,Fort,Difficult,Monsoon
Darjeeling,West Bengal,East,Nature,Hill Station,Easy,Winter
Brihadeeswarar Temple,Tamil Nadu,South,Religious,Temple,Moderate,Summer
Taj Mahal,Uttar Pradesh,North,Historical,Monument,Difficult,All Season
Hundru Falls,Jharkhand,East,Nature,Waterfall,Difficult,Monsoon
Ajanta Caves,Maharashtra,West,Historical,Cave,Easy,Winter
Kohima War Cemetery,Nagaland,Northeast,Historical,Monument,Moderate,All Season
Varkala Beach,Kerala,South,Beach,Beach,Difficult,All Season
Mahabodhi Temple,Bihar,East,Religious,Temple,Moderate,Monsoon
Ramoji Film City,Telangana,South,Entertainment,Theme Park,Difficult,Winter
Gulmarg,Jammu and Kashmir,North,Adventure,Hill Station,Easy,Winter
Varanasi Ghats,Uttar Pradesh,North,Religious,Riverfront,Moderate,Winter
Calangute Beach,Goa,West,Beach,Beach,Easy,Monsoon
Fatehpur Sikri,Uttar Pradesh,North,Historical,Monument,Difficult,All Season
Shillong,Meghalaya,Northeast,Nature,Hill Station,Difficult,Winter
Gateway of India,Maharashtra,West,Historical,Monument,Easy,Monsoon
Marina Beach,Tamil Nadu,South,Beach,Beach,Easy,All Season
Ellora Caves,Maharashtra,West,Historical,Cave,Easy,Winter
Khajuraho Temples,Madhya Pradesh,Central,Historical,Temple,Difficult,Monsoon
Valley of Flowers National Park,Uttarakhand,North,Nature,National Park,Difficult,Summer
Valley of Flowers National Park,Uttarakhand,North,Nature,National Park,Easy,Winter
India Gate,Delhi,North,Historical,Monument,Moderate,Summer
Nalanda Ruins,Bihar,East,Historical,Monument,Moderate,Summer
Alleppey Backwaters,Kerala,South,Nature,Backwaters,Easy,Monsoon
Borra Caves,Andhra Pradesh,South,Nature,Cave,Difficult,Winter
Fort Aguada,Goa,West,Historical,Fort,Easy,Winter
Tawang Monastery,Arunachal Pradesh,Northeast,Religious,Monastery,Difficult,Winter
Statue of Unity,Gujarat,West,Historical,Monument,Difficult,Monsoon
Munnar,Kerala,South,Nature,Hill Station,Moderate,All Season
Gulmarg,Jammu and Kashmir,North,Adventure,Hill Station,Moderate,All Season
Ujjayanta Palace,Tripura,Northeast,Historical,Palace,Difficult,Monsoon
Khajuraho Temples,Madhya Pradesh,Central,Historical,Temple,Moderate,Summer
Victoria Memorial,West Bengal,East,Historical,Monument,Difficult,Winter
Gulmarg,Jammu and Kashmir,North,Adventure,Hill Station,Moderate,Winter
Loktak Lake,Manipur,Northeast,Nature,Lake,Moderate,Summer
Dal Lake,Jammu and Kashmir,North,Nature,Lake,Difficult,All Season
Jagannath Temple,Odisha,East,Religious,Temple,Moderate,Monsoon
Calangute Beach,Goa,West,Beach,Beach,Moderate,Winter
Chitrakote Falls,Chhattisgarh,Central,Nature,Waterfall,Difficult,All Season
Mysore Palace,Karnataka,South,Historical,Palace,Moderate,Monsoon
Periyar Wildlife Sanctuary,Kerala,South,Wildlife,Sanctuary,Difficult,All Season
Statue of Unity,Gujarat,West,Historical,Monument,Difficult,Winter
Sukhna Lake,Chandigarh,North,Nature,Lake,Moderate,Monsoon
Amber Fort,Rajasthan,North,Historical,Fort,Moderate,Winter
Jog Falls,Karnataka,South,Nature,Waterfall,Moderate,All Season
Cellular Jail,Andaman and Nicobar Islands,Islands,Historical,Monument,Moderate,Winter
Baga Beach,Goa,West,Beach,Beach,Difficult,Winter
Bhimbetka Rock Shelters,Madhya Pradesh,Central,Historical,Cave,Difficult,Summer
Fort Aguada,Goa,West,Historical,Fort,Difficult,Winter
Gir National Park,Gujarat,West,Wildlife,National Park,Moderate,Monsoon
Bangaram Island,Lakshadweep,Islands,Beach,Island,Difficult,Monsoon
Chitrakote Falls,Chhattisgarh,Central,Nature,Waterfall,Difficult,Summer
Varkala Beach,Kerala,South,Beach,Beach,Moderate,Summer
Shillong,Meghalaya,Northeast,Nature,Hill Station,Difficult,All Season
Dal Lake,Jammu and Kashmir,North,Nature,Lake,Difficult,Monsoon
Dal Lake,Jammu and Kashmir,North,Nature,Lake,Easy,Summer
Varanasi Ghats,Uttar Pradesh,North,Religious,Riverfront,Easy,Summer
Agra Fort,Uttar Pradesh,North,Historical,Fort,Moderate,Monsoon
Valley of Flowers National Park,Uttarakhand,North,Nature,National Park,Difficult,Winter
Marina Beach,Tamil Nadu,South,Beach,Beach,Moderate,Monsoon
Sanchi Stupa,Madhya Pradesh,Central,Historical,Monument,Easy,Summer
Kohima War Cemetery,Nagaland,Northeast,Historical,Monument,Moderate,Monsoon
Chitrakote Falls,Chhattisgarh,Central,Nature,Waterfall,Difficult,Monsoon
Mysore Palace,Karnataka,South,Historical,Palace,Moderate,All Season
Marina Beach,Tamil Nadu,South,Beach,Beach,Moderate,Winter
Manali,Himachal Pradesh,North,Nature,Hill Station,Easy,Monsoon
City Palace Udaipur,Rajasthan,North,Historical,Palace,Easy,Winter
Rishikesh,Uttarakhand,North,Adventure,Riverfront,Difficult,Summer
Shirdi Temple,Maharashtra,West,Religious,Temple,Moderate,All Season
Periyar Wildlife Sanctuary,Kerala,South,Wildlife,Sanctuary,Moderate,Summer
Badrinath Temple,Uttarakhand,North,Religious,Temple,Difficult,All Season
Rishikesh,Uttarakhand,North,Adventure,Riverfront,Easy,Winter
Hundru Falls,Jharkhand,East,Nature,Waterfall,Easy,Winter
Tsomgo Lake,Sikkim,Northeast,Nature,Lake,Difficult,All Season
Kanger Valley National Park,Chhattisgarh,Central,Wildlife,National Park,Easy,Monsoon
Meenakshi Temple,Tamil Nadu,South,Religious,Temple,Easy,Summer
Loktak Lake,Manipur,Northeast,Nature,Lake,Moderate,All Season
Munnar,Kerala,South,Nature,Hill Station,Difficult,All Season
Kodaikanal,Tamil Nadu,South,Nature,Hill Station,Moderate,Monsoon
Mysore Palace,Karnataka,South,Historical,Palace,Moderate,Winter
Mahabaleshwar,Maharashtra,West,Nature,Hill Station,Easy,Summer
Kodaikanal,Tamil Nadu,South,Nature,Hill Station,Easy,Monsoon
Jagannath Temple,Odisha,East,Religious,Temple,Easy,All Season
Golconda Fort,Telangana,South,Historical,Fort,Difficult,Summer
Rohtang Pass,Himachal Pradesh,North,Adventure,Mountain Pass,Difficult,Winter
Kohima War Cemetery,Nagaland,Northeast,Historical,Monument,Moderate,Winter
Somnath Temple,Gujarat,West,Religious,Temple,Easy,Summer
Araku Valley,Andhra Pradesh,South,Nature,Valley,Difficult,All Season
Loktak Lake,Manipur,Northeast,Nature,Lake,Moderate,Monsoon
Borra Caves,Andhra Pradesh,South,Nature,Cave,Moderate,Winter
Hampi,Karnataka,South,Historical,Monument,Easy,Summer
Kanha National Park,Madhya Pradesh,Central,Wildlife,National Park,Moderate,All Season
Jog Falls,Karnataka,South,Nature,Waterfall,Moderate,Monsoon
Nalanda Ruins,Bihar,East,Historical,Monument,Moderate,Monsoon
Loktak Lake,Manipur,Northeast,Nature,Lake,Difficult,All Season
Somnath Temple,Gujarat,West,Religious,Temple,Moderate,Summer
Golconda Fort,Telangana,South,Historical,Fort,Easy,Winter
Jagannath Temple,Odisha,East,Religious,Temple,Difficult,Winter
Red Fort,Delhi,North,Historical,Fort,Difficult,Winter
Bandipur National Park,Karnataka,South,Wildlife,National Park,Easy,All Season
Rishikesh,Uttarakhand,North,Adventure,Riverfront,Difficult,Winter
Rock Garden,Chandigarh,North,Nature,Garden,Easy,Winter
Coorg,Karnataka,South,Nature,Hill Station,Easy,All Season
Amber Fort,Rajasthan,North,Historical,Fort,Moderate,All Season
Kedarnath Temple,Uttarakhand,North,Religious,Temple,Moderate,Summer
Sanchi Stupa,Madhya Pradesh,Central,Historical,Monument,Difficult,Monsoon
Khajuraho Temples,Madhya Pradesh,Central,Historical,Temple,Easy,All Season
Chitrakote Falls,Chhattisgarh,Central,Nature,Waterfall,Easy,Monsoon
Shillong,Meghalaya,Northeast,Nature,Hill Station,Easy,Winter
Dal Lake,Jammu and Kashmir,North,Nature,Lake,Difficult,Summer
Badrinath Temple,Uttarakhand,North,Religious,Temple,Difficult,Summer
Gangtok,Sikkim,Northeast,Nature,Hill City,Difficult,All Season
Sabarimala Temple,Kerala,South,Religious,Temple,Moderate,Winter
Marina Beach,Tamil Nadu,South,Beach,Beach,Moderate,All Season
Ziro Valley,Arunachal Pradesh,Northeast,Nature,Valley,Difficult,Monsoon
Kamakhya Temple,Assam,Northeast,Religious,Temple,Easy,Summer
Coorg,Karnataka,South,Nature,Hill Station,Easy,Summer
Ramoji Film City,Telangana,South,Entertainment,Theme Park,Easy,All Season
Red Fort,Delhi,North,Historical,Fort,Easy,All Season
Hampi,Karnataka,South,Historical,Monument,Difficult,Summer
Rishikesh,Uttarakhand,North,Adventure,Riverfront,Easy,Summer
Sabarimala Temple,Kerala,South,Religious,Temple,Difficult,Summer
Shirdi Temple,Maharashtra,West,Religious,Temple,Easy,Winter
Konark Sun Temple,Odisha,East,Historical,Temple,Easy,Monsoon
Varanasi Ghats,Uttar Pradesh,North,Religious,Riverfront,Difficult,All Season
Fatehpur Sikri,Uttar Pradesh,North,Historical,Monument,Easy,Winter
Ziro Valley,Arunachal Pradesh,Northeast,Nature,Valley,Moderate,Monsoon
Darjeeling,West Bengal,East,Nature,Hill Station,Difficult,Monsoon
Bhimbetka Rock Shelters,Madhya Pradesh,Central,Historical,Cave,Moderate,Winter
Kanger Valley National Park,Chhattisgarh,Central,Wildlife,National Park,Easy,Winter
Alleppey Backwaters,Kerala,South,Nature,Backwaters,Difficult,Summer
Marine Drive,Maharashtra,West,Nature,Sea Promenade,Difficult,Winter
Valley of Flowers National Park,Uttarakhand,North,Nature,National Park,Moderate,Summer
Manali,Himachal Pradesh,North,Nature,Hill Station,Easy,Winter
Sundarbans National Park,West Bengal,East,Wildlife,National Park,Moderate,Monsoon
Shirdi Temple,Maharashtra,West,Religious,Temple,Moderate,Summer
Varanasi Ghats,Uttar Pradesh,North,Religious,Riverfront,Easy,Winter
Gir National Park,Gujarat,West,Wildlife,National Park,Easy,All Season
Sundarbans National Park,West Bengal,East,Wildlife,National Park,Difficult,Monsoon
Konark Sun Temple,Odisha,East,Historical,Temple,Difficult,All Season
Alleppey Backwaters,Kerala,South,Nature,Backwaters,Easy,Winter
Hampi,Karnataka,South,Historical,Monument,Easy,All Season
Taj Mahal,Uttar Pradesh,North,Historical,Monument,Easy,All Season
Qutub Minar,Delhi,North,Historical,Monument,Difficult,All Season
Darjeeling,West Bengal,East,Nature,Hill Station,Difficult,Summer
Gangtok,Sikkim,Northeast,Nature,Hill City,Difficult,Summer
Baga Beach,Goa,West,Beach,Beach,Easy,Winter
Ooty,Tamil Nadu,South,Nature,Hill Station,Easy,Monsoon
Marina Beach,Tamil Nadu,South,Beach,Beach,Easy,Monsoon
Bangaram Island,Lakshadweep,Islands,Beach,Island,Moderate,Monsoon
Bandipur National Park,Karnataka,South,Wildlife,National Park,Difficult,Monsoon
Cherrapunji,Meghalaya,Northeast,Nature,Waterfall Region,Easy,All Season
Vaishno Devi Temple,Jammu and Kashmir,North,Religious,Temple,Difficult,Monsoon
Manali,Himachal Pradesh,North,Nature,Hill Station,Moderate,Winter
Gir National Park,Gujarat,West,Wildlife,National Park,Difficult,Summer
Kanger Valley National Park,Chhattisgarh,Central,Wildlife,National Park,Difficult,Winter
Badrinath Temple,Uttarakhand,North,Religious,Temple,Easy,Winter
Shirdi Temple,Maharashtra,West,Religious,Temple,Easy,Monsoon
Statue of Unity,Gujarat,West,Historical,Monument,Easy,All Season
Ooty,Tamil Nadu,South,Nature,Hill Station,Difficult,All Season
Sukhna Lake,Chandigarh,North,Nature,Lake,Difficult,Summer
Mehrangarh Fort,Rajasthan,North,Historical,Fort,Moderate,Winter
Radhanagar Beach,Andaman and Nicobar Islands,Islands,Beach,Beach,Easy,All Season
Shillong,Meghalaya,Northeast,Nature,Hill Station,Moderate,All Season
"City Museum, Jaipur",Rajasthan,North,Cultural,City Museum,Easy,All Season
"Riverfront Park, Jaipur",Rajasthan,North,Cultural,Riverfront Park,Easy,All Season
"Botanical Garden, Jaipur",Rajasthan,North,Cultural,Botanical Garden,Easy,All Season
"Heritage Fort, Jaipur",Rajasthan,North,Cultural,Heritage Fort,Easy,All Season
"Hill View Point, Jaipur",Rajasthan,North,Cultural,Hill View Point,Easy,All Season
"Lake Park, Jaipur",Rajasthan,North,Cultural,Lake Park,Easy,All Season
"Cultural Center, Jaipur",Rajasthan,North,Cultural,Cultural Center,Easy,All Season
"Science Museum, Jaipur",Rajasthan,North,Cultural,Science Museum,Easy,All Season
"Art Gallery, Jaipur",Rajasthan,North,Cultural,Art Gallery,Easy,All Season
"Historic Market, Jaipur",Rajasthan,North,Cultural,Historic Market,Easy,All Season
"Old Town Square, Jaipur",Rajasthan,North,Cultural,Old Town Square,Easy,All Season
"City Palace Complex, Jaipur",Rajasthan,North,Cultural,City Palace Complex,Easy,All Season
"Eco Park, Jaipur",Rajasthan,North,Cultural,Eco Park,Easy,All Season
"Adventure Park, Jaipur",Rajasthan,North,Cultural,Adventure Park,Easy,All Season
"Nature Reserve, Jaipur",Rajasthan,North,Cultural,Nature Reserve,Easy,All Season
"Archaeology Museum, Jaipur",Rajasthan,North,Cultural,Archaeology Museum,Easy,All Season
"Sunset Point, Jaipur",Rajasthan,North,Cultural,Sunset Point,Easy,All Season
"View Tower, Jaipur",Rajasthan,North,Cultural,View Tower,Easy,All Season
"Public Garden, Jaipur",Rajasthan,North,Cultural,Public Garden,Easy,All Season
"River Walk, Jaipur",Rajasthan,North,Cultural,River Walk,Easy,All Season
"City Museum, Udaipur",Rajasthan,North,Cultural,City Museum,Easy,All Season
"Riverfront Park, Udaipur",Rajasthan,North,Cultural,Riverfront Park,Easy,All Season
"Botanical Garden, Udaipur",Rajasthan,North,Cultural,Botanical Garden,Easy,All Season
"Heritage Fort, Udaipur",Rajasthan,North,Cultural,Heritage Fort,Easy,All Season
"Hill View Point, Udaipur",Rajasthan,North,Cultural,Hill View Point,Easy,All Season
"Lake Park, Udaipur",Rajasthan,North,Cultural,Lake Park,Easy,All Season
"Cultural Center, Udaipur",Rajasthan,North,Cultural,Cultural Center,Easy,All Season
"Science Museum, Udaipur",Rajasthan,North,Cultural,Science Museum,Easy,All Season
"Art Gallery, Udaipur",Rajasthan,North,Cultural,Art Gallery,Easy,All Season
"Historic Market, Udaipur",Rajasthan,North,Cultural,Historic Market,Easy,All Season
"Old Town Square, Udaipur",Rajasthan,North,Cultural,Old Town Square,Easy,All Season
"City Palace Complex, Udaipur",Rajasthan,North,Cultural,City Palace Complex,Easy,All Season
"Eco Park, Udaipur",Rajasthan,North,Cultural,Eco Park,Easy,All Season
"Adventure Park, Udaipur",Rajasthan,North,Cultural,Adventure Park,Easy,All Season
"Nature Reserve, Udaipur",Rajasthan,North,Cultural,Nature Reserve,Easy,All Season
"Archaeology Museum, Udaipur",Rajasthan,North,Cultural,Archaeology Museum,Easy,All Season
"Sunset Point, Udaipur",Rajasthan,North,Cultural,Sunset Point,Easy,All Season
"View Tower, Udaipur",Rajasthan,North,Cultural,View Tower,Easy,All Season
"Public Garden, Udaipur",Rajasthan,North,Cultural,Public Garden,Easy,All Season
"River Walk, Udaipur",Rajasthan,North,Cultural,River Walk,Easy,All Season
"City Museum, Jodhpur",Rajasthan,North,Cultural,City Museum,Easy,All Season
"Riverfront Park, Jodhpur",Rajasthan,North,Cultural,Riverfront Park,Easy,All Season
"Botanical Garden, Jodhpur",Rajasthan,North,Cultural,Botanical Garden,Easy,All Season
"Heritage Fort, Jodhpur",Rajasthan,North,Cultural,Heritage Fort,Easy,All Season
"Hill View Point, Jodhpur",Rajasthan,North,Cultural,Hill View Point,Easy,All Season
"Lake Park, Jodhpur",Rajasthan,North,Cultural,Lake Park,Easy,All Season
"Cultural Center, Jodhpur",Rajasthan,North,Cultural,Cultural Center,Easy,All Season
"Science Museum, Jodhpur",Rajasthan,North,Cultural,Science Museum,Easy,All Season
"Art Gallery, Jodhpur",Rajasthan,North,Cultural,Art Gallery,Easy,All Season
"Historic Market, Jodhpur",Rajasthan,North,Cultural,Historic Market,Easy,All Season
"Old Town Square, Jodhpur",Rajasthan,North,Cultural,Old Town Square,Easy,All Season
"City Palace Complex, Jodhpur",Rajasthan,North,Cultural,City Palace Complex,Easy,All Season
"Eco Park, Jodhpur",Rajasthan,North,Cultural,Eco Park,Easy,All Season
"Adventure Park, Jodhpur",Rajasthan,North,Cultural,Adventure Park,Easy,All Season
"Nature Reserve, Jodhpur",Rajasthan,North,Cultural,Nature Reserve,Easy,All Season
"Archaeology Museum, Jodhpur",Rajasthan,North,Cultural,Archaeology Museum,Easy,All Season
"Sunset Point, Jodhpur",Rajasthan,North,Cultural,Sunset Point,Easy,All Season
"View Tower, Jodhpur",Rajasthan,North,Cultural,View Tower,Easy,All Season
"Public Garden, Jodhpur",Rajasthan,North,Cultural,Public Garden,Easy,All Season
"River Walk, Jodhpur",Rajasthan,North,Cultural,River Walk,Easy,All Season
"City Museum, Lucknow",Uttar Pradesh,North,Cultural,City Museum,Easy,All Season
"Riverfront Park, Lucknow",Uttar Pradesh,North,Cultural,Riverfront Park,Easy,All Season
"Botanical Garden, Lucknow",Uttar Pradesh,North,Cultural,Botanical Garden,Easy,All Season
"Heritage Fort, Lucknow",Uttar Pradesh,North,Cultural,Heritage Fort,Easy,All Season
"Hill View Point, Lucknow",Uttar Pradesh,North,Cultural,Hill View Point,Easy,All Season
"Lake Park, Lucknow",Uttar Pradesh,North,Cultural,Lake Park,Easy,All Season
"Cultural Center, Lucknow",Uttar Pradesh,North,Cultural,Cultural Center,Easy,All Season
"Science Museum, Lucknow",Uttar Pradesh,North,Cultural,Science Museum,Easy,All Season
"Art Gallery, Lucknow",Uttar Pradesh,North,Cultural,Art Gallery,Easy,All Season
"Historic Market, Lucknow",Uttar Pradesh,North,Cultural,Historic Market,Easy,All Season
"Old Town Square, Lucknow",Uttar Pradesh,North,Cultural,Old Town Square,Easy,All Season
"City Palace Complex, Lucknow",Uttar Pradesh,North,Cultural,City Palace Complex,Easy,All Season
"Eco Park, Lucknow",Uttar Pradesh,North,Cultural,Eco Park,Easy,All Season
"Adventure Park, Lucknow",Uttar Pradesh,North,Cultural,Adventure Park,Easy,All Season
"Nature Reserve, Lucknow",Uttar Pradesh,North,Cultural,Nature Reserve,Easy,All Season
"Archaeology Museum, Lucknow",Uttar Pradesh,North,Cultural,Archaeology Museum,Easy,All Season
"Sunset Point, Lucknow",Uttar Pradesh,North,Cultural,Sunset Point,Easy,All Season
"View Tower, Lucknow",Uttar Pradesh,North,Cultural,View Tower,Easy,All Season
"Public Garden, Lucknow",Uttar Pradesh,North,Cultural,Public Garden,Easy,All Season
"River Walk, Lucknow",Uttar Pradesh,North,Cultural,River Walk,Easy,All Season
"City Museum, Agra",Uttar Pradesh,North,Cultural,City Museum,Easy,All Season
"Riverfront Park, Agra",Uttar Pradesh,North,Cultural,Riverfront Park,Easy,All Season
"Botanical Garden, Agra",Uttar Pradesh,North,Cultural,Botanical Garden,Easy,All Season
"Heritage Fort, Agra",Uttar Pradesh,North,Cultural,Heritage Fort,Easy,All Season
"Hill View Point, Agra",Uttar Pradesh,North,Cultural,Hill View Point,Easy,All Season
"Lake Park, Agra",Uttar Pradesh,North,Cultural,Lake Park,Easy,All Season
"Cultural Center, Agra",Uttar Pradesh,North,Cultural,Cultural Center,Easy,All Season
"Science Museum, Agra",Uttar Pradesh,North,Cultural,Science Museum,Easy,All Season
"Art Gallery, Agra",Uttar Pradesh,North,Cultural,Art Gallery,Easy,All Season
"Historic Market, Agra",Uttar Pradesh,North,Cultural,Historic Market,Easy,All Season
"Old Town Square, Agra",Uttar Pradesh,North,Cultural,Old Town Square,Easy,All Season
"City Palace Complex, Agra",Uttar Pradesh,North,Cultural,City Palace Complex,Easy,All Season
"Eco Park, Agra",Uttar Pradesh,North,Cultural,Eco Park,Easy,All Season
"Adventure Park, Agra",Uttar Pradesh,North,Cultural,Adventure Park,Easy,All Season
"Nature Reserve, Agra",Uttar Pradesh,North,Cultural,Nature Reserve,Easy,All Season
"Archaeology Museum, Agra",Uttar Pradesh,North,Cultural,Archaeology Museum,Easy,All Season
"Sunset Point, Agra",Uttar Pradesh,North,Cultural,Sunset Point,Easy,All Season
"View Tower, Agra",Uttar Pradesh,North,Cultural,View Tower,Easy,All Season
"Public Garden, Agra",Uttar Pradesh,North,Cultural,Public Garden,Easy,All Season
"River Walk, Agra",Uttar Pradesh,North,Cultural,River Walk,Easy,All Season
"City Museum, Varanasi",Uttar Pradesh,North,Cultural,City Museum,Easy,All Season
"Riverfront Park, Varanasi",Uttar Pradesh,North,Cultural,Riverfront Park,Easy,All Season
"Botanical Garden, Varanasi",Uttar Pradesh,North,Cultural,Botanical Garden,Easy,All Season
"Heritage Fort, Varanasi",Uttar Pradesh,North,Cultural,Heritage Fort,Easy,All Season
"Hill View Point, Varanasi",Uttar Pradesh,North,Cultural,Hill View Point,Easy,All Season
"Lake Park, Varanasi",Uttar Pradesh,North,Cultural,Lake Park,Easy,All Season
"Cultural Center, Varanasi",Uttar Pradesh,North,Cultural,Cultural Center,Easy,All Season
"Science Museum, Varanasi",Uttar Pradesh,North,Cultural,Science Museum,Easy,All Season
"Art Gallery, Varanasi",Uttar Pradesh,North,Cultural,Art Gallery,Easy,All Season
"Historic Market, Varanasi",Uttar Pradesh,North,Cultural,Historic Market,Easy,All Season
"Old Town Square, Varanasi",Uttar Pradesh,North,Cultural,Old Town Square,Easy,All Season
"City Palace Complex, Varanasi",Uttar Pradesh,North,Cultural,City Palace Complex,Easy,All Season
"Eco Park, Varanasi",Uttar Pradesh,North,Cultural,Eco Park,Easy,All Season
"Adventure Park, Varanasi",Uttar Pradesh,North,Cultural,Adventure Park,Easy,All Season
"Nature Reserve, Varanasi",Uttar Pradesh,North,Cultural,Nature Reserve,Easy,All Season
"Archaeology Museum, Varanasi",Uttar Pradesh,North,Cultural,Archaeology Museum,Easy,All Season
"Sunset Point, Varanasi",Uttar Pradesh,North,Cultural,Sunset Point,Easy,All Season
"View Tower, Varanasi",Uttar Pradesh,North,Cultural,View Tower,Easy,All Season
"Public Garden, Varanasi",Uttar Pradesh,North,Cultural,Public Garden,Easy,All Season
"River Walk, Varanasi",Uttar Pradesh,North,Cultural,River Walk,Easy,All Season
"City Museum, Bhopal",Madhya Pradesh,Central,Cultural,City Museum,Easy,All Season
"Riverfront Park, Bhopal",Madhya Pradesh,Central,Cultural,Riverfront Park,Easy,All Season
"Botanical Garden, Bhopal",Madhya Pradesh,Central,Cultural,Botanical Garden,Easy,All Season
"Heritage Fort, Bhopal",Madhya Pradesh,Central,Cultural,Heritage Fort,Easy,All Season
"Hill View Point, Bhopal",Madhya Pradesh,Central,Cultural,Hill View Point,Easy,All Season
"Lake Park, Bhopal",Madhya Pradesh,Central,Cultural,Lake Park,Easy,All Season
"Cultural Center, Bhopal",Madhya Pradesh,Central,Cultural,Cultural Center,Easy,All Season
"Science Museum, Bhopal",Madhya Pradesh,Central,Cultural,Science Museum,Easy,All Season
"Art Gallery, Bhopal",Madhya Pradesh,Central,Cultural,Art Gallery,Easy,All Season
"Historic Market, Bhopal",Madhya Pradesh,Central,Cultural,Historic Market,Easy,All Season
"Old Town Square, Bhopal",Madhya Pradesh,Central,Cultural,Old Town Square,Easy,All Season
"City Palace Complex, Bhopal",Madhya Pradesh,Central,Cultural,City Palace Complex,Easy,All Season
"Eco Park, Bhopal",Madhya Pradesh,Central,Cultural,Eco Park,Easy,All Season
"Adventure Park, Bhopal",Madhya Pradesh,Central,Cultural,Adventure Park,Easy,All Season
"Nature Reserve, Bhopal",Madhya Pradesh,Central,Cultural,Nature Reserve,Easy,All Season
"Archaeology Museum, Bhopal",Madhya Pradesh,Central,Cultural,Archaeology Museum,Easy,All Season
"Sunset Point, Bhopal",Madhya Pradesh,Central,Cultural,Sunset Point,Easy,All Season
"View Tower, Bhopal",Madhya Pradesh,Central,Cultural,View Tower,Easy,All Season
"Public Garden, Bhopal",Madhya Pradesh,Central,Cultural,Public Garden,Easy,All Season
"River Walk, Bhopal",Madhya Pradesh,Central,Cultural,River Walk,Easy,All Season
"City Museum, Indore",Madhya Pradesh,Central,Cultural,City Museum,Easy,All Season
"Riverfront Park, Indore",Madhya Pradesh,Central,Cultural,Riverfront Park,Easy,All Season
"Botanical Garden, Indore",Madhya Pradesh,Central,Cultural,Botanical Garden,Easy,All Season
"Heritage Fort, Indore",Madhya Pradesh,Central,Cultural,Heritage Fort,Easy,All Season
"Hill View Point, Indore",Madhya Pradesh,Central,Cultural,Hill View Point,Easy,All Season
"Lake Park, Indore",Madhya Pradesh,Central,Cultural,Lake Park,Easy,All Season
"Cultural Center, Indore",Madhya Pradesh,Central,Cultural,Cultural Center,Easy,All Season
"Science Museum, Indore",Madhya Pradesh,Central,Cultural,Science Museum,Easy,All Season
"Art Gallery, Indore",Madhya Pradesh,Central,Cultural,Art Gallery,Easy,All Season
"Historic Market, Indore",Madhya Pradesh,Central,Cultural,Historic Market,Easy,All Season
"Old Town Square, Indore",Madhya Pradesh,Central,Cultural,Old Town Square,Easy,All Season
"City Palace Complex, Indore",Madhya Pradesh,Central,Cultural,City Palace Complex,Easy,All Season
"Eco Park, Indore",Madhya Pradesh,Central,Cultural,Eco Park,Easy,All Season
"Adventure Park, Indore",Madhya Pradesh,Central,Cultural,Adventure Park,Easy,All Season
"Nature Reserve, Indore",Madhya Pradesh,Central,Cultural,Nature Reserve,Easy,All Season
"Archaeology Museum, Indore",Madhya Pradesh,Central,Cultural,Archaeology Museum,Easy,All Season
"Sunset Point, Indore",Madhya Pradesh,Central,Cultural,Sunset Point,Easy,All Season
"View Tower, Indore",Madhya Pradesh,Central,Cultural,View Tower,Easy,All Season
"Public Garden, Indore",Madhya Pradesh,Central,Cultural,Public Garden,Easy,All Season
"River Walk, Indore",Madhya Pradesh,Central,Cultural,River Walk,Easy,All Season
"City Museum, Gwalior",Madhya Pradesh,Central,Cultural,City Museum,Easy,All Season
"Riverfront Park, Gwalior",Madhya Pradesh,Central,Cultural,Riverfront Park,Easy,All Season
"Botanical Garden, Gwalior",Madhya Pradesh,Central,Cultural,Botanical Garden,Easy,All Season
"Heritage Fort, Gwalior",Madhya Pradesh,Central,Cultural,Heritage Fort,Easy,All Season
"Hill View Point, Gwalior",Madhya Pradesh,Central,Cultural,Hill View Point,Easy,All Season
"Lake Park, Gwalior",Madhya Pradesh,Central,Cultural,Lake Park,Easy,All Season
"Cultural Center, Gwalior",Madhya Pradesh,Central,Cultural,Cultural Center,Easy,All Season
"Science Museum, Gwalior",Madhya Pradesh,Central,Cultural,Science Museum,Easy,All Season
"Art Gallery, Gwalior",Madhya Pradesh,Central,Cultural,Art Gallery,Easy,All Season
"Historic Market, Gwalior",Madhya Pradesh,Central,Cultural,Historic Market,Easy,All Season
"Old Town Square, Gwalior",Madhya Pradesh,Central,Cultural,Old Town Square,Easy,All Season
"City Palace Complex, Gwalior",Madhya Pradesh,Central,Cultural,City Palace Complex,Easy,All Season
"Eco Park, Gwalior",Madhya Pradesh,Central,Cultural,Eco Park,Easy,All Season
"Adventure Park, Gwalior",Madhya Pradesh,Central,Cultural,Adventure Park,Easy,All Season
"Nature Reserve, Gwalior",Madhya Pradesh,Central,Cultural,Nature Reserve,Easy,All Season
"Archaeology Museum, Gwalior",Madhya Pradesh,Central,Cultural,Archaeology Museum,Easy,All Season
"Sunset Point, Gwalior",Madhya Pradesh,Central,Cultural,Sunset Point,Easy,All Season
"View Tower, Gwalior",Madhya Pradesh,Central,Cultural,View Tower,Easy,All Season
"Public Garden, Gwalior",Madhya Pradesh,Central,Cultural,Public Garden,Easy,All Season
"River Walk, Gwalior",Madhya Pradesh,Central,Cultural,River Walk,Easy,All Season
"City Museum, Hyderabad",Telangana,South,Cultural,City Museum,Easy,All Season
"Riverfront Park, Hyderabad",Telangana,South,Cultural,Riverfront Park,Easy,All Season
"Botanical Garden, Hyderabad",Telangana,South,Cultural,Botanical Garden,Easy,All Season
"Heritage Fort, Hyderabad",Telangana,South,Cultural,Heritage Fort,Easy,All Season
"Hill View Point, Hyderabad",Telangana,South,Cultural,Hill View Point,Easy,All Season
"Lake Park, Hyderabad",Telangana,South,Cultural,Lake Park,Easy,All Season
"Cultural Center, Hyderabad",Telangana,South,Cultural,Cultural Center,Easy,All Season
"Science Museum, Hyderabad",Telangana,South,Cultural,Science Museum,Easy,All Season
"Art Gallery, Hyderabad",Telangana,South,Cultural,Art Gallery,Easy,All Season
"Historic Market, Hyderabad",Telangana,South,Cultural,Historic Market,Easy,All Season
"Old Town Square, Hyderabad",Telangana,South,Cultural,Old Town Square,Easy,All Season
"City Palace Complex, Hyderabad",Telangana,South,Cultural,City Palace Complex,Easy,All Season
"Eco Park, Hyderabad",Telangana,South,Cultural,Eco Park,Easy,All Season
"Adventure Park, Hyderabad",Telangana,South,Cultural,Adventure Park,Easy,All Season
"Nature Reserve, Hyderabad",Telangana,South,Cultural,Nature Reserve,Easy,All Season
"Archaeology Museum, Hyderabad",Telangana,South,Cultural,Archaeology Museum,Easy,All Season
"Sunset Point, Hyderabad",Telangana,South,Cultural,Sunset Point,Easy,All Season
"View Tower, Hyderabad",Telangana,South,Cultural,View Tower,Easy,All Season
"Public Garden, Hyderabad",Telangana,South,Cultural,Public Garden,Easy,All Season
"River Walk, Hyderabad",Telangana,South,Cultural,River Walk,Easy,All Season
"City Museum, Bengaluru",Karnataka,South,Cultural,City Museum,Easy,All Season
"Riverfront Park, Bengaluru",Karnataka,South,Cultural,Riverfront Park,Easy,All Season
"Botanical Garden, Bengaluru",Karnataka,South,Cultural,Botanical Garden,Easy,All Season
"Heritage Fort, Bengaluru",Karnataka,South,Cultural,Heritage Fort,Easy,All Season
"Hill View Point, Bengaluru",Karnataka,South,Cultural,Hill View Point,Easy,All Season
"Lake Park, Bengaluru",Karnataka,South,Cultural,Lake Park,Easy,All Season
"Cultural Center, Bengaluru",Karnataka,South,Cultural,Cultural Center,Easy,All Season
"Science Museum, Bengaluru",Karnataka,South,Cultural,Science Museum,Easy,All Season
"Art Gallery, Bengaluru",Karnataka,South,Cultural,Art Gallery,Easy,All Season
"Historic Market, Bengaluru",Karnataka,South,Cultural,Historic Market,Easy,All Season
"Old Town Square, Bengaluru",Karnataka,South,Cultural,Old Town Square,Easy,All Season
"City Palace Complex, Bengaluru",Karnataka,South,Cultural,City Palace Complex,Easy,All Season
"Eco Park, Bengaluru",Karnataka,South,Cultural,Eco Park,Easy,All Season
"Adventure Park, Bengaluru",Karnataka,South,Cultural,Adventure Park,Easy,All Season
"Nature Reserve, Bengaluru",Karnataka,South,Cultural,Nature Reserve,Easy,All Season
"Archaeology Museum, Bengaluru",Karnataka,South,Cultural,Archaeology Museum,Easy,All Season
"Sunset Point, Bengaluru",Karnataka,South,Cultural,Sunset Point,Easy,All Season
"View Tower, Bengaluru",Karnataka,South,Cultural,View Tower,Easy,All Season
"Public Garden, Bengaluru",Karnataka,South,Cultural,Public Garden,Easy,All Season
"River Walk, Bengaluru",Karnataka,South,Cultural,River Walk,Easy,All Season
"City Museum, Mysuru",Karnataka,South,Cultural,City Museum,Easy,All Season
"Riverfront Park, Mysuru",Karnataka,South,Cultural,Riverfront Park,Easy,All Season
"Botanical Garden, Mysuru",Karnataka,South,Cultural,Botanical Garden,Easy,All Season
"Heritage Fort, Mysuru",Karnataka,South,Cultural,Heritage Fort,Easy,All Season
"Hill View Point, Mysuru",Karnataka,South,Cultural,Hill View Point,Easy,All Season
"Lake Park, Mysuru",Karnataka,South,Cultural,Lake Park,Easy,All Season
"Cultural Center, Mysuru",Karnataka,South,Cultural,Cultural Center,Easy,All Season
"Science Museum, Mysuru",Karnataka,South,Cultural,Science Museum,Easy,All Season
"Art Gallery, Mysuru",Karnataka,South,Cultural,Art Gallery,Easy,All Season
"Historic Market, Mysuru",Karnataka,South,Cultural,Historic Market,Easy,All Season
"Old Town Square, Mysuru",Karnataka,South,Cultural,Old Town Square,Easy,All Season
"City Palace Complex, Mysuru",Karnataka,South,Cultural,City Palace Complex,Easy,All Season
"Eco Park, Mysuru",Karnataka,South,Cultural,Eco Park,Easy,All Season
"Adventure Park, Mysuru",Karnataka,South,Cultural,Adventure Park,Easy,All Season
"Nature Reserve, Mysuru",Karnataka,South,Cultural,Nature Reserve,Easy,All Season
"Archaeology Museum, Mysuru",Karnataka,South,Cultural,Archaeology Museum,Easy,All Season
"Sunset Point, Mysuru",Karnataka,South,Cultural,Sunset Point,Easy,All Season
"View Tower, Mysuru",Karnataka,South,Cultural,View Tower,Easy,All Season
"Public Garden, Mysuru",Karnataka,South,Cultural,Public Garden,Easy,All Season
"River Walk, Mysuru",Karnataka,South,Cultural,River Walk,Easy,All Season
"City Museum, Chennai",Tamil Nadu,South,Cultural,City Museum,Easy,All Season
"Riverfront Park, Chennai",Tamil Nadu,South,Cultural,Riverfront Park,Easy,All Season
"Botanical Garden, Chennai",Tamil Nadu,South,Cultural,Botanical Garden,Easy,All Season
"Heritage Fort, Chennai",Tamil Nadu,South,Cultural,Heritage Fort,Easy,All Season
"Hill View Point, Chennai",Tamil Nadu,South,Cultural,Hill View Point,Easy,All Season
"Lake Park, Chennai",Tamil Nadu,South,Cultural,Lake Park,Easy,All Season
"Cultural Center, Chennai",Tamil Nadu,South,Cultural,Cultural Center,Easy,All Season
"Science Museum, Chennai",Tamil Nadu,South,Cultural,Science Museum,Easy,All Season
"Art Gallery, Chennai",Tamil Nadu,South,Cultural,Art Gallery,Easy,All Season
"Historic Market, Chennai",Tamil Nadu,South,Cultural,Historic Market,Easy,All Season
"Old Town Square, Chennai",Tamil Nadu,South,Cultural,Old Town Square,Easy,All Season
"City Palace Complex, Chennai",Tamil Nadu,South,Cultural,City Palace Complex,Easy,All Season
"Eco Park, Chennai",Tamil Nadu,South,Cultural,Eco Park,Easy,All Season
"Adventure Park, Chennai",Tamil Nadu,South,Cultural,Adventure Park,Easy,All Season
"Nature Reserve, Chennai",Tamil Nadu,South,Cultural,Nature Reserve,Easy,All Season
"Archaeology Museum, Chennai",Tamil Nadu,South,Cultural,Archaeology Museum,Easy,All Season
"Sunset Point, Chennai",Tamil Nadu,South,Cultural,Sunset Point,Easy,All Season
"View Tower, Chennai",Tamil Nadu,South,Cultural,View Tower,Easy,All Season
"Public Garden, Chennai",Tamil Nadu,South,Cultural,Public Garden,Easy,All Season
"River Walk, Chennai",Tamil Nadu,South,Cultural,River Walk,Easy,All Season
"City Museum, Madurai",Tamil Nadu,South,Cultural,City Museum,Easy,All Season
"Riverfront Park, Madurai",Tamil Nadu,South,Cultural,Riverfront Park,Easy,All Season
"Botanical Garden, Madurai",Tamil Nadu,South,Cultural,Botanical Garden,Easy,All Season
"Heritage Fort, Madurai",Tamil Nadu,South,Cultural,Heritage Fort,Easy,All Season
"Hill View Point, Madurai",Tamil Nadu,South,Cultural,Hill View Point,Easy,All Season
"Lake Park, Madurai",Tamil Nadu,South,Cultural,Lake Park,Easy,All Season
"Cultural Center, Madurai",Tamil Nadu,South,Cultural,Cultural Center,Easy,All Season
"Science Museum, Madurai",Tamil Nadu,South,Cultural,Science Museum,Easy,All Season
"Art Gallery, Madurai",Tamil Nadu,South,Cultural,Art Gallery,Easy,All Season
"Historic Market, Madurai",Tamil Nadu,South,Cultural,Historic Market,Easy,All Season
"Old Town Square, Madurai",Tamil Nadu,South,Cultural,Old Town Square,Easy,All Season
"City Palace Complex, Madurai",Tamil Nadu,South,Cultural,City Palace Complex,Easy,All Season
"Eco Park, Madurai",Tamil Nadu,South,Cultural,Eco Park,Easy,All Season
"Adventure Park, Madurai",Tamil Nadu,South,Cultural,Adventure Park,Easy,All Season
"Nature Reserve, Madurai",Tamil Nadu,South,Cultural,Nature Reserve,Easy,All Season
"Archaeology Museum, Madurai",Tamil Nadu,South,Cultural,Archaeology Museum,Easy,All Season
"Sunset Point, Madurai",Tamil Nadu,South,Cultural,Sunset Point,Easy,All Season
"View Tower, Madurai",Tamil Nadu,South,Cultural,View Tower,Easy,All Season
"Public Garden, Madurai",Tamil Nadu,South,Cultural,Public Garden,Easy,All Season
"River Walk, Madurai",Tamil Nadu,South,Cultural,River Walk,Easy,All Season
"City Museum, Coimbatore",Tamil Nadu,South,Cultural,City Museum,Easy,All Season
"Riverfront Park, Coimbatore",Tamil Nadu,South,Cultural,Riverfront Park,Easy,All Season
"Botanical Garden, Coimbatore",Tamil Nadu,South,Cultural,Botanical Garden,Easy,All Season
"Heritage Fort, Coimbatore",Tamil Nadu,South,Cultural,Heritage Fort,Easy,All Season
"Hill View Point, Coimbatore",Tamil Nadu,South,Cultural,Hill View Point,Easy,All Season
"Lake Park, Coimbatore",Tamil Nadu,South,Cultural,Lake Park,Easy,All Season
"Cultural Center, Coimbatore",Tamil Nadu,South,Cultural,Cultural Center,Easy,All Season
"Science Museum, Coimbatore",Tamil Nadu,South,Cultural,Science Museum,Easy,All Season
"Art Gallery, Coimbatore",Tamil Nadu,South,Cultural,Art Gallery,Easy,All Season
"Historic Market, Coimbatore",Tamil Nadu,South,Cultural,Historic Market,Easy,All Season
"Old Town Square, Coimbatore",Tamil Nadu,South,Cultural,Old Town Square,Easy,All Season
"City Palace Complex, Coimbatore",Tamil Nadu,South,Cultural,City Palace Complex,Easy,All Season
"Eco Park, Coimbatore",Tamil Nadu,South,Cultural,Eco Park,Easy,All Season
"Adventure Park, Coimbatore",Tamil Nadu,South,Cultural,Adventure Park,Easy,All Season
"Nature Reserve, Coimbatore",Tamil Nadu,South,Cultural,Nature Reserve,Easy,All Season
"Archaeology Museum, Coimbatore",Tamil Nadu,South,Cultural,Archaeology Museum,Easy,All Season
"Sunset Point, Coimbatore",Tamil Nadu,South,Cultural,Sunset Point,Easy,All Season
"View Tower, Coimbatore",Tamil Nadu,South,Cultural,View Tower,Easy,All Season
"Public Garden, Coimbatore",Tamil Nadu,South,Cultural,Public Garden,Easy,All Season
"River Walk, Coimbatore",Tamil Nadu,South,Cultural,River Walk,Easy,All Season
"City Museum, Kolkata",West Bengal,East,Cultural,City Museum,Easy,All Season
"Riverfront Park, Kolkata",West Bengal,East,Cultural,Riverfront Park,Easy,All Season
"Botanical Garden, Kolkata",West Bengal,East,Cultural,Botanical Garden,Easy,All Season
"Heritage Fort, Kolkata",West Bengal,East,Cultural,Heritage Fort,Easy,All Season
"Hill View Point, Kolkata",West Bengal,East,Cultural,Hill View Point,Easy,All Season
"Lake Park, Kolkata",West Bengal,East,Cultural,Lake Park,Easy,All Season
"Cultural Center, Kolkata",West Bengal,East,Cultural,Cultural Center,Easy,All Season
"Science Museum, Kolkata",West Bengal,East,Cultural,Science Museum,Easy,All Season
"Art Gallery, Kolkata",West Bengal,East,Cultural,Art Gallery,Easy,All Season
"Historic Market, Kolkata",West Bengal,East,Cultural,Historic Market,Easy,All Season
"Old Town Square, Kolkata",West Bengal,East,Cultural,Old Town Square,Easy,All Season
"City Palace Complex, Kolkata",West Bengal,East,Cultural,City Palace Complex,Easy,All Season
"Eco Park, Kolkata",West Bengal,East,Cultural,Eco Park,Easy,All Season
"Adventure Park, Kolkata",West Bengal,East,Cultural,Adventure Park,Easy,All Season
"Nature Reserve, Kolkata",West Bengal,East,Cultural,Nature Reserve,Easy,All Season
"Archaeology Museum, Kolkata",West Bengal,East,Cultural,Archaeology Museum,Easy,All Season
"Sunset Point, Kolkata",West Bengal,East,Cultural,Sunset Point,Easy,All Season
"View Tower, Kolkata",West Bengal,East,Cultural,View Tower,Easy,All Season
"Public Garden, Kolkata",West Bengal,East,Cultural,Public Garden,Easy,All Season
"River Walk, Kolkata",West Bengal,East,Cultural,River Walk,Easy,All Season
"City Museum, Darjeeling",West Bengal,East,Cultural,City Museum,Easy,All Season
"Riverfront Park, Darjeeling",West Bengal,East,Cultural,Riverfront Park,Easy,All Season
"Botanical Garden, Darjeeling",West Bengal,East,Cultural,Botanical Garden,Easy,All Season
"Heritage Fort, Darjeeling",West Bengal,East,Cultural,Heritage Fort,Easy,All Season
"Hill View Point, Darjeeling",West Bengal,East,Cultural,Hill View Point,Easy,All Season
"Lake Park, Darjeeling",West Bengal,East,Cultural,Lake Park,Easy,All Season
"Cultural Center, Darjeeling",West Bengal,East,Cultural,Cultural Center,Easy,All Season
"Science Museum, Darjeeling",West Bengal,East,Cultural,Science Museum,Easy,All Season
"Art Gallery, Darjeeling",West Bengal,East,Cultural,Art Gallery,Easy,All Season
"Historic Market, Darjeeling",West Bengal,East,Cultural,Historic Market,Easy,All Season
"Old Town Square, Darjeeling",West Bengal,East,Cultural,Old Town Square,Easy,All Season
"City Palace Complex, Darjeeling",West Bengal,East,Cultural,City Palace Complex,Easy,All Season
"Eco Park, Darjeeling",West Bengal,East,Cultural,Eco Park,Easy,All Season
"Adventure Park, Darjeeling",West Bengal,East,Cultural,Adventure Park,Easy,All Season
"Nature Reserve, Darjeeling",West Bengal,East,Cultural,Nature Reserve,Easy,All Season
"Archaeology Museum, Darjeeling",West Bengal,East,Cultural,Archaeology Museum,Easy,All Season
"Sunset Point, Darjeeling",West Bengal,East,Cultural,Sunset Point,Easy,All Season
"View Tower, Darjeeling",West Bengal,East,Cultural,View Tower,Easy,All Season
"Public Garden, Darjeeling",West Bengal,East,Cultural,Public Garden,Easy,All Season
"River Walk, Darjeeling",West Bengal,East,Cultural,River Walk,Easy,All Season
"City Museum, Siliguri",West Bengal,East,Cultural,City Museum,Easy,All Season
"Riverfront Park, Siliguri",West Bengal,East,Cultural,Riverfront Park,Easy,All Season
"Botanical Garden, Siliguri",West Bengal,East,Cultural,Botanical Garden,Easy,All Season
"Heritage Fort, Siliguri",West Bengal,East,Cultural,Heritage Fort,Easy,All Season
"Hill View Point, Siliguri",West Bengal,East,Cultural,Hill View Point,Easy,All Season
"Lake Park, Siliguri",West Bengal,East,Cultural,Lake Park,Easy,All Season
"Cultural Center, Siliguri",West Bengal,East,Cultural,Cultural Center,Easy,All Season
"Science Museum, Siliguri",West Bengal,East,Cultural,Science Museum,Easy,All Season
"Art Gallery, Siliguri",West Bengal,East,Cultural,Art Gallery,Easy,All Season
"Historic Market, Siliguri",West Bengal,East,Cultural,Historic Market,Easy,All Season
"Old Town Square, Siliguri",West Bengal,East,Cultural,Old Town Square,Easy,All Season
"City Palace Complex, Siliguri",West Bengal,East,Cultural,City Palace Complex,Easy,All Season
"Eco Park, Siliguri",West Bengal,East,Cultural,Eco Park,Easy,All Season
"Adventure Park, Siliguri",West Bengal,East,Cultural,Adventure Park,Easy,All Season
"Nature Reserve, Siliguri",West Bengal,East,Cultural,Nature Reserve,Easy,All Season
"Archaeology Museum, Siliguri",West Bengal,East,Cultural,Archaeology Museum,Easy,All Season
"Sunset Point, Siliguri",West Bengal,East,Cultural,Sunset Point,Easy,All Season
"View Tower, Siliguri",West Bengal,East,Cultural,View Tower,Easy,All Season
"Public Garden, Siliguri",West Bengal,East,Cultural,Public Garden,Easy,All Season
"River Walk, Siliguri",West Bengal,East,Cultural,River Walk,Easy,All Season
"City Museum, Guwahati",Assam,Northeast,Cultural,City Museum,Easy,All Season
"Riverfront Park, Guwahati",Assam,Northeast,Cultural,Riverfront Park,Easy,All Season
"Botanical Garden, Guwahati",Assam,Northeast,Cultural,Botanical Garden,Easy,All Season
"Heritage Fort, Guwahati",Assam,Northeast,Cultural,Heritage Fort,Easy,All Season
"Hill View Point, Guwahati",Assam,Northeast,Cultural,Hill View Point,Easy,All Season
"Lake Park, Guwahati",Assam,Northeast,Cultural,Lake Park,Easy,All Season
"Cultural Center, Guwahati",Assam,Northeast,Cultural,Cultural Center,Easy,All Season
"Science Museum, Guwahati",Assam,Northeast,Cultural,Science Museum,Easy,All Season
"Art Gallery, Guwahati",Assam,Northeast,Cultural,Art Gallery,Easy,All Season
"Historic Market, Guwahati",Assam,Northeast,Cultural,Historic Market,Easy,All Season
"Old Town Square, Guwahati",Assam,Northeast,Cultural,Old Town Square,Easy,All Season
"City Palace Complex, Guwahati",Assam,Northeast,Cultural,City Palace Complex,Easy,All Season
"Eco Park, Guwahati",Assam,Northeast,Cultural,Eco Park,Easy,All Season
"Adventure Park, Guwahati",Assam,Northeast,Cultural,Adventure Park,Easy,All Season
"Nature Reserve, Guwahati",Assam,Northeast,Cultural,Nature Reserve,Easy,All Season
"Archaeology Museum, Guwahati",Assam,Northeast,Cultural,Archaeology Museum,Easy,All Season
"Sunset Point, Guwahati",Assam,Northeast,Cultural,Sunset Point,Easy,All Season
"View Tower, Guwahati",Assam,Northeast,Cultural,View Tower,Easy,All Season
"Public Garden, Guwahati",Assam,Northeast,Cultural,Public Garden,Easy,All Season
"River Walk, Guwahati",Assam,Northeast,Cultural,River Walk,Easy,All Season
"City Museum, Shillong",Meghalaya,Northeast,Cultural,City Museum,Easy,All Season
"Riverfront Park, Shillong",Meghalaya,Northeast,Cultural,Riverfront Park,Easy,All Season
"Botanical Garden, Shillong",Meghalaya,Northeast,Cultural,Botanical Garden,Easy,All Season
"Heritage Fort, Shillong",Meghalaya,Northeast,Cultural,Heritage Fort,Easy,All Season
"Hill View Point, Shillong",Meghalaya,Northeast,Cultural,Hill View Point,Easy,All Season
"Lake Park, Shillong",Meghalaya,Northeast,Cultural,Lake Park,Easy,All Season
"Cultural Center, Shillong",Meghalaya,Northeast,Cultural,Cultural Center,Easy,All Season
"Science Museum, Shillong",Meghalaya,Northeast,Cultural,Science Museum,Easy,All Season
"Art Gallery, Shillong",Meghalaya,Northeast,Cultural,Art Gallery,Easy,All Season
"Historic Market, Shillong",Meghalaya,Northeast,Cultural,Historic Market,Easy,All Season
"Old Town Square, Shillong",Meghalaya,Northeast,Cultural,Old Town Square,Easy,All Season
"City Palace Complex, Shillong",Meghalaya,Northeast,Cultural,City Palace Complex,Easy,All Season
"Eco Park, Shillong",Meghalaya,Northeast,Cultural,Eco Park,Easy,All Season
"Adventure Park, Shillong",Meghalaya,Northeast,Cultural,Adventure Park,Easy,All Season
"Nature Reserve, Shillong",Meghalaya,Northeast,Cultural,Nature Reserve,Easy,All Season
"Archaeology Museum, Shillong",Meghalaya,Northeast,Cultural,Archaeology Museum,Easy,All Season
"Sunset Point, Shillong",Meghalaya,Northeast,Cultural,Sunset Point,Easy,All Season
"View Tower, Shillong",Meghalaya,Northeast,Cultural,View Tower,Easy,All Season
"Public Garden, Shillong",Meghalaya,Northeast,Cultural,Public Garden,Easy,All Season
"River Walk, Shillong",Meghalaya,Northeast,Cultural,River Walk,Easy,All Season
"City Museum, Gangtok",Sikkim,Northeast,Cultural,City Museum,Easy,All Season
"Riverfront Park, Gangtok",Sikkim,Northeast,Cultural,Riverfront Park,Easy,All Season
"Botanical Garden, Gangtok",Sikkim,Northeast,Cultural,Botanical Garden,Easy,All Season
"Heritage Fort, Gangtok",Sikkim,Northeast,Cultural,Heritage Fort,Easy,All Season
"Hill View Point, Gangtok",Sikkim,Northeast,Cultural,Hill View Point,Easy,All Season
"Lake Park, Gangtok",Sikkim,Northeast,Cultural,Lake Park,Easy,All Season
"Cultural Center, Gangtok",Sikkim,Northeast,Cultural,Cultural Center,Easy,All Season
"Science Museum, Gangtok",Sikkim,Northeast,Cultural,Science Museum,Easy,All Season
"Art Gallery, Gangtok",Sikkim,Northeast,Cultural,Art Gallery,Easy,All Season
"Historic Market, Gangtok",Sikkim,Northeast,Cultural,Historic Market,Easy,All Season
"Old Town Square, Gangtok",Sikkim,Northeast,Cultural,Old Town Square,Easy,All Season
"City Palace Complex, Gangtok",Sikkim,Northeast,Cultural,City Palace Complex,Easy,All Season
"Eco Park, Gangtok",Sikkim,Northeast,Cultural,Eco Park,Easy,All Season
"Adventure Park, Gangtok",Sikkim,Northeast,Cultural,Adventure Park,Easy,All Season
"Nature Reserve, Gangtok",Sikkim,Northeast,Cultural,Nature Reserve,Easy,All Season
"Archaeology Museum, Gangtok",Sikkim,Northeast,Cultural,Archaeology Museum,Easy,All Season
"Sunset Point, Gangtok",Sikkim,Northeast,Cultural,Sunset Point,Easy,All Season
"View Tower, Gangtok",Sikkim,Northeast,Cultural,View Tower,Easy,All Season
"Public Garden, Gangtok",Sikkim,Northeast,Cultural,Public Garden,Easy,All Season
"River Walk, Gangtok",Sikkim,Northeast,Cultural,River Walk,Easy,All Season
"City Museum, Port Blair",Andaman and Nicobar Islands,Islands,Cultural,City Museum,Easy,All Season
"Riverfront Park, Port Blair",Andaman and Nicobar Islands,Islands,Cultural,Riverfront Park,Easy,All Season
"Botanical Garden, Port Blair",Andaman and Nicobar Islands,Islands,Cultural,Botanical Garden,Easy,All Season
"Heritage Fort, Port Blair",Andaman and Nicobar Islands,Islands,Cultural,Heritage Fort,Easy,All Season
"Hill View Point, Port Blair",Andaman and Nicobar Islands,Islands,Cultural,Hill View Point,Easy,All Season
"Lake Park, Port Blair",Andaman and Nicobar Islands,Islands,Cultural,Lake Park,Easy,All Season
"Cultural Center, Port Blair",Andaman and Nicobar Islands,Islands,Cultural,Cultural Center,Easy,All Season
"Science Museum, Port Blair",Andaman and Nicobar Islands,Islands,Cultural,Science Museum,Easy,All Season
"Art Gallery, Port Blair",Andaman and Nicobar Islands,Islands,Cultural,Art Gallery,Easy,All Season
"Historic Market, Port Blair",Andaman and Nicobar Islands,Islands,Cultural,Historic Market,Easy,All Season
"Old Town Square, Port Blair",Andaman and Nicobar Islands,Islands,Cultural,Old Town Square,Easy,All Season
"City Palace Complex, Port Blair",Andaman and Nicobar Islands,Islands,Cultural,City Palace Complex,Easy,All Season
"Eco Park, Port Blair",Andaman and Nicobar Islands,Islands,Cultural,Eco Park,Easy,All Season
"Adventure Park, Port Blair",Andaman and Nicobar Islands,Islands,Cultural,Adventure Park,Easy,All Season
"Nature Reserve, Port Blair",Andaman and Nicobar Islands,Islands,Cultural,Nature Reserve,Easy,All Season
"Archaeology Museum, Port Blair",Andaman and Nicobar Islands,Islands,Cultural,Archaeology Museum,Easy,All Season
"Sunset Point, Port Blair",Andaman and Nicobar Islands,Islands,Cultural,Sunset Point,Easy,All Season
"View Tower, Port Blair",Andaman and Nicobar Islands,Islands,Cultural,View Tower,Easy,All Season
"Public Garden, Port Blair",Andaman and Nicobar Islands,Islands,Cultural,Public Garden,Easy,All Season
"River Walk, Port Blair",Andaman and Nicobar Islands,Islands,Cultural,River Walk,Easy,All Season
"City Museum, Leh",Ladakh,North,Cultural,City Museum,Easy,All Season
"Riverfront Park, Leh",Ladakh,North,Cultural,Riverfront Park,Easy,All Season
"Botanical Garden, Leh",Ladakh,North,Cultural,Botanical Garden,Easy,All Season
"Heritage Fort, Leh",Ladakh,North,Cultural,Heritage Fort,Easy,All Season
"Hill View Point, Leh",Ladakh,North,Cultural,Hill View Point,Easy,All Season
"Lake Park, Leh",Ladakh,North,Cultural,Lake Park,Easy,All Season
"Cultural Center, Leh",Ladakh,North,Cultural,Cultural Center,Easy,All Season
"Science Museum, Leh",Ladakh,North,Cultural,Science Museum,Easy,All Season
"Art Gallery, Leh",Ladakh,North,Cultural,Art Gallery,Easy,All Season
"Historic Market, Leh",Ladakh,North,Cultural,Historic Market,Easy,All Season
"Old Town Square, Leh",Ladakh,North,Cultural,Old Town Square,Easy,All Season
"City Palace Complex, Leh",Ladakh,North,Cultural,City Palace Complex,Easy,All Season
"Eco Park, Leh",Ladakh,North,Cultural,Eco Park,Easy,All Season
"Adventure Park, Leh",Ladakh,North,Cultural,Adventure Park,Easy,All Season
"Nature Reserve, Leh",Ladakh,North,Cultural,Nature Reserve,Easy,All Season
"Archaeology Museum, Leh",Ladakh,North,Cultural,Archaeology Museum,Easy,All Season
"Sunset Point, Leh",Ladakh,North,Cultural,Sunset Point,Easy,All Season
"View Tower, Leh",Ladakh,North,Cultural,View Tower,Easy,All Season
"Public Garden, Leh",Ladakh,North,Cultural,Public Garden,Easy,All Season
"River Walk, Leh",Ladakh,North,Cultural,River Walk,Easy,All Season
"City Museum, Panaji",Goa,West,Cultural,City Museum,Easy,All Season
"Riverfront Park, Panaji",Goa,West,Cultural,Riverfront Park,Easy,All Season
"Botanical Garden, Panaji",Goa,West,Cultural,Botanical Garden,Easy,All Season
"Heritage Fort, Panaji",Goa,West,Cultural,Heritage Fort,Easy,All Season
"Hill View Point, Panaji",Goa,West,Cultural,Hill View Point,Easy,All Season
"Lake Park, Panaji",Goa,West,Cultural,Lake Park,Easy,All Season
"Cultural Center, Panaji",Goa,West,Cultural,Cultural Center,Easy,All Season
"Science Museum, Panaji",Goa,West,Cultural,Science Museum,Easy,All Season
"Art Gallery, Panaji",Goa,West,Cultural,Art Gallery,Easy,All Season
"Historic Market, Panaji",Goa,West,Cultural,Historic Market,Easy,All Season
"Old Town Square, Panaji",Goa,West,Cultural,Old Town Square,Easy,All Season
"City Palace Complex, Panaji",Goa,West,Cultural,City Palace Complex,Easy,All Season
"Eco Park, Panaji",Goa,West,Cultural,Eco Park,Easy,All Season
"Adventure Park, Panaji",Goa,West,Cultural,Adventure Park,Easy,All Season
"Nature Reserve, Panaji",Goa,West,Cultural,Nature Reserve,Easy,All Season
"Archaeology Museum, Panaji",Goa,West,Cultural,Archaeology Museum,Easy,All Season
"Sunset Point, Panaji",Goa,West,Cultural,Sunset Point,Easy,All Season
"View Tower, Panaji",Goa,West,Cultural,View Tower,Easy,All Season
"Public Garden, Panaji",Goa,West,Cultural,Public Garden,Easy,All Season
"River Walk, Panaji",Goa,West,Cultural,River Walk,Easy,All Season
"City Museum, Mumbai",Maharashtra,West,Cultural,City Museum,Easy,All Season
"Riverfront Park, Mumbai",Maharashtra,West,Cultural,Riverfront Park,Easy,All Season
"Botanical Garden, Mumbai",Maharashtra,West,Cultural,Botanical Garden,Easy,All Season
"Heritage Fort, Mumbai",Maharashtra,West,Cultural,Heritage Fort,Easy,All Season
"Hill View Point, Mumbai",Maharashtra,West,Cultural,Hill View Point,Easy,All Season
"Lake Park, Mumbai",Maharashtra,West,Cultural,Lake Park,Easy,All Season
"Cultural Center, Mumbai",Maharashtra,West,Cultural,Cultural Center,Easy,All Season
"Science Museum, Mumbai",Maharashtra,West,Cultural,Science Museum,Easy,All Season
"Art Gallery, Mumbai",Maharashtra,West,Cultural,Art Gallery,Easy,All Season
"Historic Market, Mumbai",Maharashtra,West,Cultural,Historic Market,Easy,All Season
"Old Town Square, Mumbai",Maharashtra,West,Cultural,Old Town Square,Easy,All Season
"City Palace Complex, Mumbai",Maharashtra,West,Cultural,City Palace Complex,Easy,All Season
"Eco Park, Mumbai",Maharashtra,West,Cultural,Eco Park,Easy,All Season
"Adventure Park, Mumbai",Maharashtra,West,Cultural,Adventure Park,Easy,All Season
"Nature Reserve, Mumbai",Maharashtra,West,Cultural,Nature Reserve,Easy,All Season
"Archaeology Museum, Mumbai",Maharashtra,West,Cultural,Archaeology Museum,Easy,All Season
"Sunset Point, Mumbai",Maharashtra,West,Cultural,Sunset Point,Easy,All Season
"View Tower, Mumbai",Maharashtra,West,Cultural,View Tower,Easy,All Season
"Public Garden, Mumbai",Maharashtra,West,Cultural,Public Garden,Easy,All Season
"River Walk, Mumbai",Maharashtra,West,Cultural,River Walk,Easy,All Season
